{
    "display-name": "1 Password CLI",
    "package-name": "1password-cli",
    "is-portable": true,
    "portable": {
        "display-name": "1 Password CLI",
        "package-name": "1password-cli",
        "latest-version": "1.8.0",
        "1.8.0": {
            "url": "https://cache.agilebits.com/dist/1P/op/pkg/v1.9.0/op_windows_amd64_v1.9.0.zip",
            "file-type": ".zip",
            "bin": [
                "op.exe"
            ],
            "shortcuts": [],
            "persist": []
        },
        "auto-update": {
            "url": "https://cache.agilebits.com/dist/1P/op/pkg/v<version>/op_windows_amd64_v<version>.zip",
            "version-check": {
                "webpage": "https://app-updates.agilebits.com/product_history/CLI",
                "regex": "/op_windows_amd64_v([\\d.]+)\\.zip"
            },
            "checksum": "780CAB1E5C5A0EF0FE7D22D9FECA48AE468A9B140F3ECBA36E8F91321772F343"
        }
    }
}
