{
    "display-name": "",
    "package-name": "3rvx",
    "is-portable": true,
    "portable": {
        "display-name": "",
        "package-name": "3rvx",
        "latest-version": "2.9.2",
        "2.9.2": {
            "url": "https://3rvx.com/releases/3RVX-2.9.2.zip",
            "file-type": ".zip",
            "bin": [
                "3RVX.exe"
            ],
            "shortcuts": [
                {
                    "shortcut-name": "3RVX",
                    "file-name": "3RVX.exe"
                }
            ],
            "persist": "Settings.xml"
        }
    },
    "auto-update": {
        "url": "https://3rvx.com/releases/3RVX-<version>.zip",
        "version-check": {
            "webpage": "",
            "regex": ""  
        }
    }
}
