{
    "display-name": "",
    "package-name": "abricotine",
    "is-portable": true,
    "portable": {
        "display-name": "",
        "package-name": "abricotine",
        "latest-version": "1.0.0",
        "1.0.0": {
            "url": "https://github.com/brrd/abricotine/releases/download/1.0.0/abricotine-setup-win32-x64.exe#/dl.7z",
            "file-type": ".7z",
            "bin": [
                "abricotine.exe"
            ],
            "shortcuts": [
                {
                    "shortcut-name": "Abricotine",
                    "file-name": "abricotine.exe"
                }
            ],
            "persist": []
        },
        "auto-update": {
            "url": "https://github.com/brrd/abricotine/releases/download/$version/abricotine-setup-win32-x64.exe#/dl.7z",
            "version-check": {
                "webpage": "https://abricotine.brrd.fr"
            }
        }
    }
}