{
    "display-name": "",
    "package-name": "ack",
    "is-portable": true,
    "portable": {
        "display-name": "",
        "package-name": "ack",
        "latest-version": "3.5.0",
        "3.5.0": {
            "url": "https://beyondgrep.com/ack-v3.5.0#/ack-single-file",
            "file-type": ".0#/ack-single-file",
            "bin": [
                "ack.bat"
            ],
            "pre-install": [
                {
                    "type": "powershell",
                    "code": "Set-Content -Value '@perl.exe \"%~dp0ack-single-file\" %*' -Path \"$dir\\ack.bat\""
                }
            ],
            "shortcuts": [],
            "persist": []
        },
        "auto-update": {
            "url": "https://beyondgrep.com/ack-v<version>#/ack-single-file",
            "version-check": {
                "webpage": "https://beyondgrep.com/install/",
                "regex": "The current stable version of ack is v([\\d.]+),"
            }
        }
    }
}