{
    "display-name": "",
    "package-name": "acmesharp",
    "is-portable": true,
    "portable": {
        "display-name": "",
        "package-name": "acmesharp",
        "latest-version": "0.9.1.326",
        "0.9.1.326": {
            "url": "https://psg-prod-eastus.azureedge.net/packages/acmesharp.0.9.1.326.nupkg",
            "file-type": ".nupkg",
            "bin": [],
            "shortcuts": [],
            "persist": []
        },
        "auto-update": {
            "url": "https://psg-prod-eastus.azureedge.net/packages/acmesharp.<version>.nupkg",
            "version-check": {
                "webpage": "https://www.powershellgallery.com/packages/ACMESharp",
                "regex": "Downloads of ([\\d.]+)"
            }
        }
    }
}