{
    "display-name": "",
    "package-name": "age",
    "is-portable": true,
    "portable": {
        "display-name": "",
        "package-name": "age",
        "latest-version": "1.0.0-rc.1",
        "1.0.0-rc.1": {
            "url": "https://github.com/FiloSottile/age/releases/download/v1.0.0-rc.1/age-v1.0.0-rc.1-windows-amd64.zip",
            "file-type": ".zip",
            "bin": [
                "age.exe",
                "age-keygen.exe"
            ],
            "shortcuts": [],
            "persist": []
        },
        "auto-update": {
            "url": "https://github.com/FiloSottile/age/releases/download/v$version/age-v$version-windows-amd64.zip",
            "version-check": {
                "webpage": "https://github.com/FiloSottile/age/releases",
                "regex": "/age-v([\\w.-]+)-windows"
            }
        }
    }
}