{
    "display-name": "",
    "package-name": "aida64extreme",
    "is-portable": true,
    "portable": {
        "display-name": "",
        "package-name": "aida64extreme",
        "latest-version": "6.33.5700",
        "6.33.5700": {
            "url": "http://download.aida64.com/aida64extreme633.zip",
            "file-type": ".zip",
            "bin": [],
            "pre-install": [
                {
                    "type": "powershell",
                    "code": [
                        "$FILE = 'aida64.ini'",
                        "if (!(Test-Path \"$persist_dir\\$FILE\")) {",
                        "    Set-Content \"$dir\\$FILE\" @('[Generic]', '', 'NoRegistry=1', 'NetUpdateFreq=0') -Encoding Ascii",
                        "}",
                        "if (!(Test-Path \"$persist_dir\\pkey.txt\")) { New-Item \"$dir\\pkey.txt\" | Out-Null }"
                    ]
                }
            ],
            "shortcuts": [
                {
                    "shortcut-name": "AIDA64",
                    "file-name": "aida64.exe"
                }
            ],
            "persist": [
                "pkey.txt",
                "aida64.ini"
            ]
        },
        "auto-update": {
            "url": "http://download.aida64.com/aida64extreme$majorVersion$minorVersion.zip",
            "version-check": {
                "webpage": "https://www.aida64.com/downloads/latesta64xe",
                "regex": "Version:\\s+([\\d.]+)"
            }
        }
    }
}