{
    "display-name": "",
    "package-name": "alacritty",
    "is-portable": true,
    "portable": {
        "display-name": "",
        "package-name": "alacritty",
        "latest-version": "0.7.2",
        "0.7.2": {
            "url": "https://github.com/alacritty/alacritty/releases/download/v0.7.2/Alacritty-v0.7.2-portable.exe#/alacritty.exe",
            "file-type": ".exe",
            "bin": [
                "alacritty.exe"
            ],
            "shortcuts": [
                {
                    "shortcut-name": "Alacritty",
                    "file-name": "alacritty.exe"
                }
            ],
            "persist": []
        },
        "auto-update": {
            "checkver": ""
        }
    }
}