{
    "display-name": "",
    "package-name": "amulet",
    "is-portable": true,
    "portable": {
        "display-name": "",
        "package-name": "amulet",
        "latest-version": "1.21.10",
        "1.21.10": {
            "url": "https://github.com/ianmaclarty/amulet/releases/download/v1.21.10/amulet-v1.21.10-windows.zip",
            "file-type": ".zip",
            "bin": [
                "amulet.exe"
            ],
            "shortcuts": [],
            "persist": []
        },
        "auto-update": {
            "url": "https://github.com/ianmaclarty/amulet/releases/download/v<version>/amulet-v<version>-windows.zip",
            "version-check": {
                "webpage": "https://www.amulet.xyz"
            }
        }
    }
}