{
    "display-name": "",
    "package-name": "android-messages",
    "is-portable": true,
    "portable": {
        "display-name": "",
        "package-name": "android-messages",
        "latest-version": "3.1.0",
        "3.1.0": {
            "url": "https://github.com/chrisknepper/android-messages-desktop/releases/download/v1.0.1/android-messages-desktop-setup-1.0.1.exe#/dl.7z",
            "file-type": ".7z",
            "bin": [
                "Android Messages.exe"
            ],
            "shortcuts": [
                {
                    "shortcut-name": "Android Messages",
                    "file-name": "Android Messages.exe"
                }
            ],
            "persist": []
        },
        "auto-update": {
            "checkver": ""
        }
    }
}