{
    "display-name": "",
    "package-name": "android-studio",
    "is-portable": true,
    "portable": {
        "display-name": "",
        "package-name": "android-studio",
        "latest-version": "4.1.3.0",
        "4.1.3.0": {
            "url": "https://dl.google.com/dl/android/studio/ide-zips/4.1.3.0/android-studio-ide-201.7199119-windows.zip",
            "file-type": ".zip",
            "bin": [],
            "shortcuts": [],
            "persist": []
        },
        "auto-update": {
            "checkver": ""
        }
    }
}