{
    "display-name": "",
    "package-name": "annie",
    "is-portable": true,
    "portable": {
        "display-name": "",
        "package-name": "annie",
        "latest-version": "0.10.3",
        "0.10.3": {
            "url": "https://github.com/iawia002/annie/releases/download/0.10.3/annie_0.10.3_Windows_64-bit.zip",
            "file-type": ".zip",
            "bin": [
                "annie.exe"
            ],
            "shortcuts": [],
            "persist": []
        },
        "auto-update": {
            "checkver": ""
        }
    }
}