{
    "display-name": "",
    "package-name": "anydesk",
    "is-portable": true,
    "portable": {
        "display-name": "",
        "package-name": "anydesk",
        "latest-version": "6.2.3",
        "6.2.3": {
            "url": "https://download.anydesk.com/AnyDesk.exe",
            "file-type": ".exe",
            "bin": [
                "AnyDesk.exe"
            ],
            "shortcuts": [
                {
                    "shortcut-name": "AnyDesk",
                    "file-name": "AnyDesk.exe"
                }
            ],
            "persist": []
        },
        "auto-update": {
            "url": "https://download.anydesk.com/AnyDesk.exe",
            "version-check": {
                "webpage": "https://anydesk.com/en/downloads",
                "regex": ">v([\\d.]+)\\s+\\("
            }
        }
    }
}