{
    "display-name": "",
    "package-name": "apache-directory-studio",
    "is-portable": true,
    "portable": {
        "display-name": "",
        "package-name": "apache-directory-studio",
        "latest-version": "2.0.0.v20210213-M16",
        "2.0.0.v20210213-M16": {
            "url": "https://www.apache.org/dist/directory/studio/2.0.0.v20210213-M16/ApacheDirectoryStudio-2.0.0.v20210213-M16-win32.win32.x86_64.zip",
            "file-type": ".zip",
            "bin": [
                "ApacheDirectoryStudio.exe"
            ],
            "shortcuts": [
                {
                    "shortcut-name": "Apache Directory Studio",
                    "file-name": "ApacheDirectoryStudio.exe"
                }
            ],
            "persist": []
        },
        "auto-update": {
            "url": "https://www.apache.org/dist/directory/studio/$version/ApacheDirectoryStudio-$version-win32.win32.x86_64.zip",
            "version-check": {
                "webpage": "https://www.apache.org/dist/directory/studio/?C=M;O=D",
                "regex": ">([\\dvM.-]+)/<"
            }
        }
    }
}