{
    "display-name": "",
    "package-name": "apache-ivy",
    "is-portable": true,
    "portable": {
        "display-name": "",
        "package-name": "apache-ivy",
        "latest-version": "2.5.0",
        "2.5.0": {
            "url": "https://www.apache.org/dist/ant/ivy/2.5.0/apache-ivy-2.5.0-bin.zip",
            "file-type": ".zip",
            "bin": [],
            "shortcuts": [],
            "persist": []
        },
        "auto-update": {
            "url": "https://www.apache.org/dist/ant/ivy/<version>/apache-ivy-<version>-bin.zip",
            "version-check": {
                "webpage": "https://ant.apache.org/ivy/download.cgi",
                "regex": "/([\\d.]+)/"
            }
        }
    }
}