{
    "display-name": "",
    "package-name": "apimtemplate",
    "is-portable": true,
    "portable": {
        "display-name": "",
        "package-name": "apimtemplate",
        "latest-version": "0.5",
        "0.5": {
            "url": "https://github.com/Azure/azure-api-management-devops-resource-kit/releases/download/v0.5/reskit-win64.zip",
            "file-type": ".zip",
            "bin": [
                "apimtemplate.exe"
            ],
            "shortcuts": [],
            "persist": []
        },
        "auto-update": {
            "url": "https://github.com/Azure/azure-api-management-devops-resource-kit/releases/download/v$version/reskit-win64.zip",
            "version-check": {
                "webpage": "https://github.com/Azure/azure-api-management-devops-resource-kit/releases",
                "regex": "tag/v([\\w.-]+)"
            }
        }
    }
}