{
    "display-name": "",
    "package-name": "appengine-go",
    "is-portable": true,
    "portable": {
        "display-name": "",
        "package-name": "appengine-go",
        "latest-version": "1.9.70",
        "1.9.70": {
            "url": [
                "https://storage.googleapis.com/appengine-sdks/featured/go_appengine_sdk_windows_amd64-1.9.70.zip",
                "https://raw.githubusercontent.com/lukesampson/scoop-extras/master/scripts/pyshim.ps1"
            ],
            "file-type": ".NEEDS ATTENTION",
            "bin": [
                "appcfg.ps1",
                "backends_conversion.ps1",
                "bulkloader.ps1",
                "bulkload_client.ps1",
                "dev_appserver.ps1",
                "download_appstats.ps1",
                "endpointscfg.ps1",
                "php_cli.ps1",
                "run_tests.ps1",
                "wrapper_util.ps1"
            ],
            "shortcuts": [],
            "persist": []
        }
    }
}