{
    "display-name": "",
    "package-name": "appium",
    "is-portable": true,
    "portable": {
        "display-name": "",
        "package-name": "appium",
        "latest-version": "1.20.2",
        "1.20.2": {
            "url": "https://github.com/appium/appium-desktop/releases/download/v1.20.2/Appium-windows-1.20.2.exe#/dl.7z",
            "file-type": ".7z",
            "bin": [],
            "shortcuts": [
                {
                    "shortcut-name": "Appium",
                    "file-name": "Appium.exe"
                }
            ],
            "persist": [],
            "post-install": [
                {
                    "type": "powershell",
                    "code": "Remove-Item \"$dir\\`$PLUGINSDIR\", \"$dir\\Uninst*\" -Force -Recurse"
                }
            ]
        },
        "auto-update": {
            "url": "https://github.com/appium/appium-desktop/releases/download/v<version>/Appium-windows-<version>.exe#/dl.7z",
            "version-check": {
                "webpage": "http://appium.io/"
            }
        }
    }
}