{
    "display-name": "",
    "package-name": "archwsl",
    "is-portable": true,
    "portable": {
        "display-name": "",
        "package-name": "archwsl",
        "latest-version": "20.11.25.0",
        "20.11.25.0": {
            "url": "https://github.com/yuk7/ArchWSL/releases/download/20.11.25.0/Arch.zip",
            "file-type": ".zip",
            "bin": [
                "Arch.exe"
            ],
            "shortcuts": [
                {
                    "shortcut-name": "Arch Linux",
                    "file-name": "Arch.exe"
                }
            ],
            "persist": "data",
            "post-install": [
                {
                    "type": "powershell",
                    "code": [
                        "$installable = $true",
                        "$user = [Security.Principal.WindowsIdentity]::GetCurrent() -as [Security.Principal.WindowsPrincipal]",
                        "$permission = Get-Acl $persist_dir | Select-Object -ExpandProperty Access | Where-Object {",
                        "    ($user.IsInRole($_.IdentityReference)) -and `",
                        "    ($_.FileSystemRights.ToString() -eq 'FullControl') -and `",
                        "    ($_.InheritanceFlags -band 3) -and `",
                        "    ($_.PropagationFlags.ToString() -ne 'NoPropagateInherit')",
                        "}",
                        "if ($null -eq $permission) {",
                        "   warn 'Full Control access to the scoop directory is necessary to install WSL distribution.'",
                        "   warn 'Change directory security and reinstall ArchWSL.'",
                        "   $installable = $false",
                        "}",
                        "if ($null -eq (Get-Command 'wslconfig' -ErrorAction SilentlyContinue)) {",
                        "    warn 'WSL appears not to be enabled!'",
                        "    warn 'Run ''Enable-WindowsOptionalFeature -Online -FeatureName Microsoft-Windows-Subsystem-Linux'''",
                        "    warn 'from an elevated PowerShell. Restart your computer when prompted and reinstall ArchWSL.'",
                        "    $installable = $false",
                        "}",
                        "if ($installable) {",
                        "    Copy-Item \"$dir\\Arch.exe\" \"$persist_dir\\data\\Arch.exe\"",
                        "    $res = Invoke-ExternalCommand \"$persist_dir\\data\\Arch.exe\" 'install', \"$dir\\rootfs.tar.gz\"",
                        "    Remove-Item \"$persist_dir\\data\\Arch.exe\" -Force",
                        "    if(!$res) { error 'ArchWsl installation failed!'; return }",
                        "}"
                    ]
                }
            ]
        },
        "auto-update": {
            "checkver": ""
        }
    }
}