{
    "display-name": "",
    "package-name": "arduino-cli",
    "is-portable": true,
    "portable": {
        "display-name": "",
        "package-name": "arduino-cli",
        "latest-version": "0.18.1",
        "0.18.1": {
            "url": "https://github.com/arduino/arduino-cli/releases/download/0.18.1/arduino-cli_0.18.1_Windows_64bit.zip",
            "file-type": ".zip",
            "bin": [
                "arduino-cli.exe"
            ],
            "shortcuts": [],
            "persist": []
        },
        "auto-update": {
            "checkver": ""
        }
    }
}