{
    "display-name": "",
    "package-name": "armclient",
    "is-portable": true,
    "portable": {
        "display-name": "",
        "package-name": "armclient",
        "latest-version": "1.6",
        "1.6": {
            "url": "https://github.com/projectkudu/ARMClient/releases/download/v1.6/ARMClient.zip",
            "file-type": ".zip",
            "bin": [
                "ARMClient.exe",
                "AADClient.exe"
            ],
            "shortcuts": [],
            "persist": []
        },
        "auto-update": {
            "checkver": ""
        }
    }
}