{
    "display-name": "",
    "package-name": "artifact",
    "is-portable": true,
    "portable": {
        "display-name": "",
        "package-name": "artifact",
        "latest-version": "1.0.1",
        "1.0.1": {
            "url": "https://github.com/vitiral/artifact/releases/download/1.0.1/artifact-app-1.0.1-x86_64-pc-windows-gnu.zip",
            "file-type": ".zip",
            "bin": [
                "art.exe"
            ],
            "shortcuts": [],
            "persist": []
        }
    }
}