{
    "display-name": "",
    "package-name": "asciidoctorj",
    "is-portable": true,
    "portable": {
        "display-name": "",
        "package-name": "asciidoctorj",
        "latest-version": "2.4.2",
        "2.4.2": {
            "url": "https://dl.bintray.com/asciidoctor/maven/org/asciidoctor/asciidoctorj/2.4.2/asciidoctorj-2.4.2-bin.zip",
            "file-type": ".zip",
            "bin": [
                "bin\\asciidoctorj.bat"
            ],
            "shortcuts": [],
            "persist": []
        },
        "auto-update": {
            "url": "https://dl.bintray.com/asciidoctor/maven/org/asciidoctor/asciidoctorj/<version>/asciidoctorj-<version>-bin.zip",
            "version-check": {
                "webpage": "https://api.bintray.com/packages/asciidoctor/maven/asciidoctorj"
            }
        }
    }
}