{
    "display-name": "",
    "package-name": "astyle",
    "is-portable": true,
    "portable": {
        "display-name": "",
        "package-name": "astyle",
        "latest-version": "3.1",
        "3.1": {
            "url": "https://downloads.sourceforge.net/project/astyle/astyle/astyle%203.1/AStyle_3.1_windows.zip",
            "file-type": ".zip",
            "bin": [
                "bin\\AStyle.exe"
            ],
            "shortcuts": [],
            "persist": []
        },
        "auto-update": {
            "checkver": ""
        }
    }
}