{
    "display-name": "",
    "package-name": "asuite",
    "is-portable": true,
    "portable": {
        "display-name": "",
        "package-name": "asuite",
        "latest-version": "2.0.0",
        "2.0.0": {
            "url": "https://downloads.sourceforge.net/project/asuite/ASuite/2.0.0/asuite_x64-v2.0.0.7z",
            "file-type": ".7z",
            "bin": [],
            "pre-install": [
                {
                    "type": "powershell",
                    "code": "'asuite_x64.sqlite', 'asuite.sqlite' | ForEach-Object { if (-not (Test-Path \"$persist_dir\\$_\")) { New-Item \"$dir\\$_\" | Out-Null } }"
                }
            ],
            "shortcuts": [],
            "persist": [
                "backup",
                "cache",
                "asuite_x64.sqlite",
                "asuite.sqlite"
            ]
        }
    }
}