{
    "display-name": "",
    "package-name": "atomicparsley",
    "is-portable": true,
    "portable": {
        "display-name": "",
        "package-name": "atomicparsley",
        "latest-version": "0.9.0",
        "0.9.0": {
            "url": "https://downloads.sourceforge.net/project/atomicparsley/atomicparsley/AtomicParsley%20v0.9.0/AtomicParsley-win32-0.9.0.zip",
            "file-type": ".zip",
            "bin": [
                "AtomicParsley.exe"
            ],
            "shortcuts": [],
            "persist": []
        }
    }
}