{
    "display-name": "",
    "package-name": "austin",
    "is-portable": true,
    "portable": {
        "display-name": "",
        "package-name": "austin",
        "latest-version": "2.1.1",
        "2.1.1": {
            "url": "https://github.com/P403n1x87/austin/releases/download/v2.1.1/austin-2.1.1-win-x86_64.zip",
            "file-type": ".zip",
            "bin": [
                "austin.exe"
            ],
            "shortcuts": [],
            "persist": []
        },
        "auto-update": {
            "checkver": ""
        }
    }
}