{
    "display-name": "",
    "package-name": "autoit-script-editor",
    "is-portable": true,
    "portable": {
        "display-name": "",
        "package-name": "autoit-script-editor",
        "latest-version": "21.316.1639.0.0",
        "21.316.1639.0.0": {
            "url": "https://www.autoitscript.com/autoit3/scite/download/SciTE4AutoIt3_Portable.zip",
            "file-type": ".zip",
            "bin": [
                "Au3Stripper\\AU3Stripper.exe",
                "Tidy\\Tidy.exe"
            ],
            "pre-install": [
                {
                    "type": "powershell",
                    "code": [
                        "$autoit = versiondir 'autoit' 'current'",
                        "Remove-Item \"$autoit\\SciTe\" -Recurse -Force",
                        "New-Item -Path \"$autoit\\SciTE\" -Value \"$dir\" -ItemType Junction | Out-Null"
                    ]
                }
            ],
            "shortcuts": [],
            "persist": []
        },
        "auto-update": {
            "url": "https://www.autoitscript.com/autoit3/scite/download/SciTE4AutoIt3_Portable.zip",
            "version-check": {
                "webpage": "https://www.autoitscript.com/autoit3/scite/docs/History.html",
                "regex": "AutoIt3Wrapper v([\\d.]+)"
            }
        }
    }
}