{
    "display-name": "",
    "package-name": "avr-gcc",
    "is-portable": true,
    "portable": {
        "display-name": "",
        "package-name": "avr-gcc",
        "latest-version": "10.2.0",
        "10.2.0": {
            "url": "https://dl.bintray.com/lumito/public/projects/avr-gcc/10.2.0/avr-gcc-10.2.0-x64-windows.7z",
            "file-type": ".7z",
            "bin": [
                "bin\\avr-addr2line.exe",
                "bin\\avr-ar.exe",
                "bin\\avr-as.exe",
                "bin\\avr-c++.exe",
                "bin\\avr-c++filt.exe",
                "bin\\avr-cpp.exe",
                "bin\\avr-elfedit.exe",
                "bin\\avr-g++.exe",
                "bin\\avr-gcc-10.2.0.exe",
                "bin\\avr-gcc-ar.exe",
                "bin\\avr-gcc-nm.exe",
                "bin\\avr-gcc-ranlib.exe",
                "bin\\avr-gcc.exe",
                "bin\\avr-gcov-dump.exe",
                "bin\\avr-gcov-tool.exe",
                "bin\\avr-gcov.exe",
                "bin\\avr-gdb.exe",
                "bin\\avr-gprof.exe",
                "bin\\avr-ld.bfd.exe",
                "bin\\avr-ld.exe",
                "bin\\avr-lto-dump.exe",
                "bin\\avr-nm.exe",
                "bin\\avr-objcopy.exe",
                "bin\\avr-objdump.exe",
                "bin\\avr-ranlib.exe",
                "bin\\avr-readelf.exe",
                "bin\\avr-run.exe",
                "bin\\avr-size.exe",
                "bin\\avr-strings.exe",
                "bin\\avr-strip.exe"
            ],
            "shortcuts": [],
            "persist": []
        },
        "auto-update": {
            "checkver": ""
        }
    }
}