{
    "display-name": "",
    "package-name": "axel",
    "is-portable": true,
    "portable": {
        "display-name": "",
        "package-name": "axel",
        "latest-version": "2.16.1-1",
        "2.16.1-1": {
            "url": "https://downloads.sourceforge.net/project/unix-utils/axel/2.16.1/axel-2.16.1-1-x86_64.zip",
            "file-type": ".zip",
            "bin": [
                "axel.exe"
            ],
            "shortcuts": [],
            "persist": []
        },
        "auto-update": {
            "url": "https://downloads.sourceforge.net/project/unix-utils/axel/$matchHead/axel-$version-x86_64.zip",
            "version-check": {
                "webpage": "https://sourceforge.net/projects/unix-utils/rss?path=/axel",
                "regex": "axel-([\\d.-]+)-x86_64"
            }
        }
    }
}