{
    "display-name": "",
    "package-name": "baka-mplayer",
    "is-portable": true,
    "portable": {
        "display-name": "",
        "package-name": "baka-mplayer",
        "latest-version": "2.0.4",
        "2.0.4": {
            "url": "https://github.com/u8sand/Baka-MPlayer/releases/download/v2.0.4/Baka-MPlayer.x86_64.zip",
            "file-type": ".zip",
            "bin": [],
            "shortcuts": [
                {
                    "shortcut-name": "Baka MPlayer",
                    "file-name": "Baka MPlayer.exe"
                }
            ],
            "persist": "bakamplayer.ini"
        },
        "auto-update": {
            "checkver": ""
        }
    }
}