{
    "display-name": "",
    "package-name": "bandizip",
    "is-portable": true,
    "portable": {
        "display-name": "",
        "package-name": "bandizip",
        "latest-version": "7.16",
        "7.16": {
            "url": "https://dl.bandisoft.com/bandizip.std/BANDIZIP-PORTABLE.ZIP",
            "file-type": ".ZIP",
            "bin": [
                "Bandizip.exe"
            ],
            "shortcuts": [
                {
                    "shortcut-name": "Bandizip",
                    "file-name": "Bandizip.exe"
                }
            ],
            "persist": "Bandizip.ini"
        },
        "auto-update": {
            "url": "https://dl.bandisoft.com/bandizip.std/BANDIZIP-PORTABLE.ZIP",
            "version-check": {
                "webpage": "https://en.bandisoft.com/bandizip/history/",
                "regex": "v([\\d.]+)</font"
            }
        }
    }
}