{
    "display-name": "",
    "package-name": "baretail",
    "is-portable": true,
    "portable": {
        "display-name": "",
        "package-name": "baretail",
        "latest-version": "3.50a",
        "3.50a": {
            "url": "https://www.baremetalsoft.com/baretail/download.php?p=m#/baretail.exe",
            "file-type": ".exe",
            "bin": [
                "baretail.exe"
            ],
            "shortcuts": [
                {
                    "shortcut-name": "Baretail",
                    "file-name": "baretail.exe"
                }
            ],
            "persist": []
        }
    }
}