{
    "display-name": "",
    "package-name": "basilisk",
    "is-portable": true,
    "portable": {
        "display-name": "",
        "package-name": "basilisk",
        "latest-version": "2021.03.17",
        "2021.03.17": {
            "url": "http://us.basilisk-browser.org/release/basilisk-latest.win64.installer.exe#/dl.7z",
            "file-type": ".7z",
            "bin": [
                "basilisk.exe"
            ],
            "shortcuts": [
                {
                    "shortcut-name": "Basilisk",
                    "file-name": "basilisk.exe"
                }
            ],
            "persist": []
        },
        "auto-update": {
            "url": "http://us.basilisk-browser.org/release/basilisk-latest.win64.installer.exe#/dl.7z",
            "version-check": {
                "webpage": "https://www.basilisk-browser.org/releasenotes.shtml",
                "regex": ">v([\\d.]+)"
            }
        }
    }
}