{
    "display-name": "",
    "package-name": "beaker",
    "is-portable": true,
    "portable": {
        "display-name": "",
        "package-name": "beaker",
        "latest-version": "1.1.0",
        "1.1.0": {
            "url": "https://github.com/beakerbrowser/beaker/releases/download/1.1.0/beaker-browser-setup-1.1.0.exe#/dl.7z",
            "file-type": ".7z",
            "bin": [
                "Beaker Browser.exe",
                [
                    "Beaker Browser.exe",
                    "beaker"
                ]
            ],
            "shortcuts": [
                {
                    "shortcut-name": "Beaker Browser",
                    "file-name": "Beaker Browser.exe"
                }
            ],
            "persist": []
        },
        "auto-update": {
            "url": "https://github.com/beakerbrowser/beaker/releases/download/$version/beaker-browser-setup-$version.exe#/dl.7z",
            "version-check": {
                "webpage": "https://beakerbrowser.com"
            }
        }
    }
}