{
    "display-name": "",
    "package-name": "beatdrop",
    "is-portable": true,
    "portable": {
        "display-name": "",
        "package-name": "beatdrop",
        "latest-version": "1.0.0.0",
        "1.0.0.0": {
            "url": "https://github.com/mvsoft74/BeatDrop/releases/download/v1.0.0.0/BeatDrop-bin-1.0.0.0.zip",
            "file-type": ".zip",
            "bin": [
                "BeatDrop.exe"
            ],
            "shortcuts": [],
            "persist": []
        },
        "auto-update": {
            "checkver": ""
        }
    }
}