{
    "display-name": "",
    "package-name": "beehive",
    "is-portable": true,
    "portable": {
        "display-name": "",
        "package-name": "beehive",
        "latest-version": "0.4.0",
        "0.4.0": {
            "url": "https://github.com/muesli/beehive/releases/download/v0.4.0/beehive_0.4.0_Windows_x86_64.tar.gz",
            "file-type": ".gz",
            "bin": [
                "beehive.exe"
            ],
            "shortcuts": [],
            "persist": []
        },
        "auto-update": {
            "checkver": ""
        }
    }
}