{
    "display-name": "",
    "package-name": "beekeeper-studio",
    "is-portable": true,
    "portable": {
        "display-name": "",
        "package-name": "beekeeper-studio",
        "latest-version": "1.10.2",
        "1.10.2": {
            "url": "https://github.com/beekeeper-studio/beekeeper-studio/releases/download/v1.10.2/Beekeeper-Studio-Setup-1.10.2.exe#/dl.7z",
            "file-type": ".7z",
            "bin": [],
            "shortcuts": [
                {
                    "shortcut-name": "Beekeeper Studio",
                    "file-name": "Beekeeper Studio.exe"
                }
            ],
            "persist": []
        },
        "auto-update": {
            "url": "https://github.com/beekeeper-studio/beekeeper-studio/releases/download/v$version/Beekeeper-Studio-Setup-$version.exe#/dl.7z",
            "version-check": {
                "webpage": "https://www.beekeeperstudio.io"
            }
        }
    }
}