{
    "display-name": "",
    "package-name": "beyondcompare",
    "is-portable": true,
    "portable": {
        "display-name": "",
        "package-name": "beyondcompare",
        "latest-version": "4.3.7.25118",
        "4.3.7.25118": {
            "url": "https://www.scootersoftware.com/BCompare-4.3.7.25118_x64.msi",
            "file-type": ".msi",
            "bin": [
                "Bcomp.exe"
            ],
            "shortcuts": [
                {
                    "shortcut-name": "Beyond Compare 4",
                    "file-name": "BCompare.exe"
                },
                {
                    "shortcut-name": "Clipboard Compare",
                    "file-name": "BCClipboard.exe"
                }
            ],
            "persist": []
        },
        "auto-update": {
            "url": "https://www.scootersoftware.com/BCompare-$version_x64.msi",
            "version-check": {
                "webpage": "https://www.scootersoftware.com/download.php?zz=kb_dl4_winalternate",
                "regex": "BCompare-([\\d.]+)_x64\\.msi"
            }
        }
    }
}