{
    "display-name": "",
    "package-name": "bicep",
    "is-portable": true,
    "portable": {
        "display-name": "",
        "package-name": "bicep",
        "latest-version": "0.3.255",
        "0.3.255": {
            "url": "https://github.com/Azure/bicep/releases/download/v0.3.255/bicep-win-x64.exe#/bicep.exe",
            "file-type": ".exe",
            "bin": [
                "bicep.exe"
            ],
            "shortcuts": [],
            "persist": []
        },
        "auto-update": {
            "checkver": ""
        }
    }
}