{
    "display-name": "",
    "package-name": "bind",
    "is-portable": true,
    "portable": {
        "display-name": "",
        "package-name": "bind",
        "latest-version": "9.16.13",
        "9.16.13": {
            "url": "https://downloads.isc.org/isc/bind9/9.16.13/BIND9.16.13.x64.zip",
            "file-type": ".zip",
            "bin": [],
            "shortcuts": [],
            "persist": "etc"
        },
        "auto-update": {
            "checkver": ""
        }
    }
}