{
    "display-name": "",
    "package-name": "bison",
    "is-portable": true,
    "portable": {
        "display-name": "",
        "package-name": "bison",
        "latest-version": "2.4.1",
        "2.4.1": {
            "url": [
                "https://downloads.sourceforge.net/project/gnuwin32/bison/2.4.1/bison-2.4.1-bin.zip",
                "https://downloads.sourceforge.net/project/gnuwin32/bison/2.4.1/bison-2.4.1-dep.zip"
            ],
            "file-type": ".NEEDS ATTENTION",
            "bin": [
                "bin\\bison.exe"
            ],
            "shortcuts": [],
            "persist": []
        }
    }
}