{
    "display-name": "",
    "package-name": "bleachbit",
    "is-portable": true,
    "portable": {
        "display-name": "",
        "package-name": "bleachbit",
        "latest-version": "4.2.0",
        "4.2.0": {
            "url": "https://download.bleachbit.org/BleachBit-4.2.0-portable.zip",
            "file-type": ".zip",
            "bin": [
                [
                    "bleachbit_console.exe",
                    "bleachbit"
                ]
            ],
            "shortcuts": [
                {
                    "shortcut-name": "BleachBit",
                    "file-name": "bleachbit.exe"
                }
            ],
            "persist": [
                "cleaners",
                "BleachBit.ini"
            ]
        },
        "auto-update": {
            "url": "https://download.bleachbit.org/BleachBit-<version>-portable.zip",
            "version-check": {
                "webpage": "https://www.bleachbit.org/download/windows",
                "regex": "BleachBit ([\\d.]+)"
            }
        }
    }
}