{
    "display-name": "",
    "package-name": "blender",
    "is-portable": true,
    "portable": {
        "display-name": "",
        "package-name": "blender",
        "latest-version": "2.92.0",
        "2.92.0": {
            "url": "https://download.blender.org/release/Blender2.92/blender-2.92.0-windows64.zip",
            "file-type": ".zip",
            "bin": [
                "blender.exe"
            ],
            "shortcuts": [
                {
                    "shortcut-name": "Blender",
                    "file-name": "blender.exe"
                }
            ],
            "persist": []
        },
        "auto-update": {
            "url": "https://download.blender.org/release/Blender$majorVersion.$minorVersion/blender-$version-windows64.zip",
            "version-check": {
                "webpage": "https://www.blender.org/download/",
                "regex": "blender-([\\w.]+)-windows64\\.zip"
            }
        }
    }
}