{
    "display-name": "",
    "package-name": "blush",
    "is-portable": true,
    "portable": {
        "display-name": "",
        "package-name": "blush",
        "latest-version": "0.5.3",
        "0.5.3": {
            "url": "https://github.com/arsham/blush/releases/download/v0.5.3/blush_windows_v0.5.3.zip",
            "file-type": ".zip",
            "bin": [
                "blush.exe"
            ],
            "shortcuts": [],
            "persist": []
        },
        "auto-update": {
            "checkver": ""
        }
    }
}