{
    "display-name": "",
    "package-name": "boot-clj",
    "is-portable": true,
    "portable": {
        "display-name": "",
        "package-name": "boot-clj",
        "latest-version": "2.7.2",
        "2.7.2": {
            "url": "https://github.com/boot-clj/boot-bin/releases/download/2.7.2/boot.exe",
            "file-type": ".exe",
            "bin": [
                "boot.exe"
            ],
            "shortcuts": [],
            "persist": []
        },
        "auto-update": {
            "url": "https://github.com/boot-clj/boot-bin/releases/download/<version>/boot.exe",
            "version-check": {
                "webpage": "https://github.com/boot-clj/boot-bin/releases",
                "regex": "download/([\\d.]+)/boot\\.exe"
            }
        }
    }
}