{
    "display-name": "",
    "package-name": "boundary",
    "is-portable": true,
    "portable": {
        "display-name": "",
        "package-name": "boundary",
        "latest-version": "0.1.8",
        "0.1.8": {
            "url": "https://releases.hashicorp.com/boundary/0.1.8/boundary_0.1.8_windows_amd64.zip",
            "file-type": ".zip",
            "bin": [
                "boundary.exe"
            ],
            "shortcuts": [],
            "persist": []
        },
        "auto-update": {
            "url": "https://releases.hashicorp.com/boundary/$version/boundary_$version_windows_amd64.zip",
            "version-check": {
                "webpage": "https://releases.hashicorp.com/boundary/",
                "regex": "boundary_([\\d.]+)</a>"
            }
        }
    }
}