{
    "display-name": "1Password",
    "package-name": "1-password",
    "latest-version": "7.7.805",
    "auto-update": {
        "url": "https://c.1password.com/dist/1P/win6/1PasswordSetup-<version>.exe",
        "version-check": {
            "webpage": "https://app-updates.agilebits.com/product_history/OPW6",
            "regex": "href=\"https://c.1password.com/dist/1P/win6/1PasswordSetup-(\\d.\\d.\\d{3}).exe\""
        }
    },
    "7.6.793": {
        "url": "https://c.1password.com/dist/1P/win6/1PasswordSetup-7.6.793.exe",
        "file-type": ".exe",
        "threads": 8,
        "iswitches": [
            "--silent"
        ],
        "uswitches": [],
        "valid-uninstall-exit-codes": [
            1
        ],
        "clswitch": "",
        "dependencies": [],
        "checksum": "1F666F86ACD3ED5371925342C05EE0E22B4DA2EB18665ACBCC0CE379D3D1E11A"
    },
    "7.6.797": {
        "url": "https://c.1password.com/dist/1P/win6/1PasswordSetup-7.6.797.exe",
        "file-type": ".exe",
        "threads": 8,
        "iswitches": [
            "--silent"
        ],
        "uswitches": [],
        "valid-uninstall-exit-codes": [
            1
        ],
        "clswitch": "",
        "dependencies": [],
        "checksum": "2E49B568ADD34872801C0B66E23F4F8B47BC13ADAEF088D74FC5D70A4E0DCB84"
    },
    "7.6.801": {
        "url": "https://c.1password.com/dist/1P/win6/1PasswordSetup-7.6.801.exe",
        "file-type": ".exe",
        "iswitches": [
            "--silent"
        ],
        "uswitches": [],
        "valid-uninstall-exit-codes": [
            1
        ],
        "clswitch": "",
        "dependencies": [],
        "checksum": "F4CBEA6880A87AD5FFBBC9E82EA98B71FFDE8CE2489C4C8026B2C3A2981E468C"
    },
    "7.7.805": {
        "url": "https://c.1password.com/dist/1P/win6/1PasswordSetup-7.7.805.exe",
        "file-type": ".exe",
        "iswitches": [
            "--silent"
        ],
        "uswitches": [],
        "valid-uninstall-exit-codes": [
            1
        ],
        "clswitch": "",
        "dependencies": [],
        "checksum": "766AED776FFA89D8E55B6A0159001C791662479ED734D2D848A644759A2D0F9D"
    }
}