{
    "package-name": "android-studio-portable",
    "display-name": "Android Studio (Portable)",
    "is-portable": true,
    "portable": {
        "latest-version": "2",
        "auto-update": {
            "url": "https://redirector.gvt1.com/edgedl/android/studio/ide-zips/<1>/android-studio-ide-<2>-windows.zip",
            "version-check": {
                "webpage": "https://developer.android.com/studio/",
                "regex": "android-studio-ide-([\\d.]+)-windows.zip",
                "replace": "<1>"
            }
        },
        "4.1.1": {
            "url": "https://redirector.gvt1.com/edgedl/android/studio/ide-zips/4.1.2.0/android-studio-ide-201.7042882-windows.zip",
            "file-type": ".zip",
            "extract-dir": "android-studio",
            "chdir": "android-studio",
            "bin": [
                "bin\\studio64.exe"
            ],
            "shortcuts": [
                {
                    "shortcut-name": "Android Studio",
                    "file-name": "bin\\studio64.exe"
                }
            ],
            "checksum": "CA43E3433C8D65036DF0FB41256F9DC1BE43B12D7ED52F06E699A95B31CE6496"
        },
        "2": {
            "url": "https://redirector.gvt1.com/edgedl/android/studio/ide-zips/2/android-studio-ide-0-windows.zip",
            "checksum": "D004425D773C2E4129DB0AA7524204E33BFBBDEDEA373A6C74939582331CE8C5",
            "file-type": ".zip",
            "extract-dir": "android-studio",
            "chdir": "android-studio",
            "bin": [
                "bin\\studio64.exe"
            ],
            "shortcuts": [
                {
                    "shortcut-name": "Android Studio",
                    "file-name": "bin\\studio64.exe"
                }
            ]
        }
    }
}