{
    "display-name": "Anydesk",
    "package-name": "anydesk",
    "latest-version": "6.3.1",
    "auto-update": {
        "url": "https://download.anydesk.com/AnyDesk.msi",
        "version-check": {
            "webpage": "https://anydesk.com/en/downloads",
            "regex": ">v([\\d.]+)\\s+\\("
        }
    },
    "6.2.3": {
        "url": "https://download.anydesk.com/AnyDesk.msi",
        "file-type": ".msi",
        "iswitches": [
            "/qn",
            "/quiet",
            "/norestart"
        ],
        "uswitches": [
            "/qn",
            "/quiet",
            "/norestart"
        ],
        "clswitch": "INSTALLDIR=",
        "dependencies": [],
        "checksum": "9CB76DCE2D2178EA68056F414456E8118D5BECB868924C8A603DE685787078D0"
    },
    "6.3.0": {
        "url": "https://download.anydesk.com/AnyDesk.msi",
        "file-type": ".msi",
        "iswitches": [
            "/qn",
            "/quiet",
            "/norestart"
        ],
        "uswitches": [
            "/qn",
            "/quiet",
            "/norestart"
        ],
        "clswitch": "INSTALLDIR=",
        "dependencies": [],
        "checksum": "A0204DFF9312B8BA71AA9EE5A5BA88C5BCE4DB00FE21B7D865F9838D8E23CC6C"
    },
    "6.3.1": {
        "url": "https://download.anydesk.com/AnyDesk.msi",
        "file-type": ".msi",
        "iswitches": [
            "/qn",
            "/quiet",
            "/norestart"
        ],
        "uswitches": [
            "/qn",
            "/quiet",
            "/norestart"
        ],
        "clswitch": "INSTALLDIR=",
        "dependencies": [],
        "checksum": "C00AB1A6DD39BE886B4280E67BAA685F1F161C7E367F7249C9BFA68E3B319350"
    }
}