{
    "package-name": "atom",
    "display-name": "Atom (Portable)",
    "is-portable": true,
    "portable": {
        "package-name": "Atom",
        "display-name": "atom",
        "latest-version": "1.53.0",
        "1.53.0": {
            "url": "https://github.com/atom/atom/releases/download/v1.53.0/atom-x64-windows.zip",
            "file-type": ".zip",
            "extract-dir": "atom",
            "chdir": "Atom x64",
            "bin": [
                "atom.exe",
                "resources\\cli\\apm.cmd"
            ],
            "shortcuts": [
                {
                    "shortcut-name": "Atom",
                    "file-name": "atom.exe"
                }
            ],
            "checksum": "0DB7944CD773EB9A4523D63DC38E3BAD6C3247BD91ECB5A451120B7B0AA9614C"
        }
    }
}