{
    "display-name": "Microsoft CLI 2.0 for Azure",
    "package-name": "azure-cli",
    "latest-version": "2.24.0",
    "auto-update": {
        "url": "https://azurecliprod.azureedge.net/msi/azure-cli-<version>.msi",
        "version-check": {
            "webpage": "https://github.com/Azure/azure-cli",
            "regex": "/releases/tag/azure-cli-([\\d.]+)"
        }
    },
    "2.19.1": {
        "url": "https://azurecliprod.azureedge.net/msi/azure-cli-2.19.1.msi",
        "file-type": ".msi",
        "iswitches": [
            "/qn",
            "/quiet",
            "/norestart"
        ],
        "uswitches": [
            "/qn",
            "/quiet",
            "/norestart"
        ],
        "clswitch": "INSTALLDIR=",
        "dependencies": [],
        "checksum": "01928A7CE325B49FF5B1D294404801AC6A4203CFB328A26F3A62B3A001CF1584"
    },
    "2.22.1": {
        "url": "https://azurecliprod.azureedge.net/msi/azure-cli-2.22.1.msi",
        "file-type": ".msi",
        "iswitches": [
            "/qn",
            "/quiet",
            "/norestart"
        ],
        "uswitches": [
            "/qn",
            "/quiet",
            "/norestart"
        ],
        "clswitch": "INSTALLDIR=",
        "dependencies": [],
        "checksum": "FD2A464F79EF8C9B9B860D622DC1D3EB701CBF25798A8BD02A2096204E29D331"
    },
    "2.23.0": {
        "url": "https://azurecliprod.azureedge.net/msi/azure-cli-2.23.0.msi",
        "file-type": ".msi",
        "iswitches": [
            "/qn",
            "/quiet",
            "/norestart"
        ],
        "uswitches": [
            "/qn",
            "/quiet",
            "/norestart"
        ],
        "clswitch": "INSTALLDIR=",
        "dependencies": [],
        "checksum": "3679D193F8BBCC78117F4CEE1BDB99E5866BEB6C4B7290C5941CD2D27A4EA855"
    },
    "2.24.0": {
        "url": "https://azurecliprod.azureedge.net/msi/azure-cli-2.24.0.msi",
        "file-type": ".msi",
        "iswitches": [
            "/qn",
            "/quiet",
            "/norestart"
        ],
        "uswitches": [
            "/qn",
            "/quiet",
            "/norestart"
        ],
        "clswitch": "INSTALLDIR=",
        "dependencies": [],
        "checksum": "A46864E46A649AE4E17F6046C20504282E50CF5AB55633B7E2E47B71A3AE616E"
    }
}