{
    "display-name": "Blender",
    "package-name": "blender",
    "latest-version": "2.92.0",
    "auto-update": {
        "url": "https://ftp.nluug.nl/pub/graphics/blender/release/Blender<major-version>.<minor-version>/blender-<version>-windows64.msi",
        "version-check": {
            "webpage": "https://www.blender.org/download/",
            "regex": "blender-([\\w.]+)-windows64\\.msi"
        }
    },
    "2.91.0": {
        "url": "https://ftp.nluug.nl/pub/graphics/blender/release/Blender2.91/blender-2.91.0-windows64.msi",
        "file-type": ".msi",
        "iswitches": [
            "/qn",
            "/quiet",
            "/norestart"
        ],
        "uswitches": [
            "/qn",
            "/quiet",
            "/norestart"
        ],
        "clswitch": "INSTALLDIR=",
        "dependencies": [],
        "checksum": "15EE3A20B8AF742A8977EFB5BF41185901B14152DF5AD9484A44B9CB915734B8"
    },
    "2.90.0": {
        "url": "https://ftp.nluug.nl/pub/graphics/blender/release/Blender2.90/blender-2.90.0-windows64.msi",
        "file-type": ".msi",
        "threads": 6,
        "iswitches": [
            "/qn",
            "/quiet",
            "/norestart"
        ],
        "uswitches": [
            "/qn",
            "/quiet",
            "/norestart"
        ],
        "clswitch": "INSTALLDIR=",
        "dependencies": []
    },
    "2.92.0": {
        "url": "https://ftp.nluug.nl/pub/graphics/blender/release/Blender2.92/blender-2.92.0-windows64.msi",
        "file-type": ".msi",
        "iswitches": [
            "/qn",
            "/quiet",
            "/norestart"
        ],
        "uswitches": [
            "/qn",
            "/quiet",
            "/norestart"
        ],
        "clswitch": "INSTALLDIR=",
        "dependencies": [],
        "checksum": "15EE3A20B8AF742A8977EFB5BF41185901B14152DF5AD9484A44B9CB915734B8"
    }
}