{
    "display-name": "Bluej",
    "package-name": "bluej",
    "latest-version": "5.0.1",
    "auto-update": {
        "url": "https://www.bluej.org/download/files/BlueJ-windows-<clean-version>.msi",
        "version-check": {
            "webpage": "https://www.bluej.org/",
            "regex": "Version ([\\d.]+), released"
        }
    },
    "5.0.0": {
        "url": "https://www.bluej.org/download/files/BlueJ-windows-500.msi",
        "file-type": ".msi",
        "iswitches": [
            "/qn"
        ],
        "uswitches": [
            "/qn"
        ],
        "clswitch": "/TARGETDIR=",
        "dependencies": [],
        "checksum": "CFEF2F65665AB78AF32FD442B39BDCE2D78C3805F9F76547F7DA6B3B006A0A4F"
    },
    "5.0.1": {
        "url": "https://www.bluej.org/download/files/BlueJ-windows-501.msi",
        "file-type": ".msi",
        "iswitches": [
            "/qn"
        ],
        "uswitches": [
            "/qn"
        ],
        "clswitch": "/TARGETDIR=",
        "dependencies": [],
        "checksum": "D44B73C0C758ABC2E57CAAF6F835409A686FD37817C01C0EA319D3D3CCE9A01C"
    }
}