{
    "display-name": "Brave",
    "package-name": "brave",
    "latest-version": "1.27.25",
    "auto-update": {
        "url": "https://github.com/brave/brave-browser/releases/download/v<version>/BraveBrowserStandaloneSilentNightlySetup.exe",
        "version-check": {
            "webpage": "https://github.com/brave/brave-browser/releases/latest",
            "regex": "brave-v([\\d.]+)-win32-x64.zip"
        }
    },
    "1.21.72": {
        "url": "https://github.com/brave/brave-browser/releases/download/v1.21.72/BraveBrowserStandaloneSilentNightlySetup.exe",
        "file-type": ".exe",
        "iswitches": [],
        "uswitches": [
            "/s"
        ],
        "clswitch": "",
        "dependencies": []
    },
    "1.25.27": {
        "url": "https://github.com/brave/brave-browser/releases/download/v1.25.27/BraveBrowserStandaloneSilentNightlySetup.exe",
        "file-type": ".exe",
        "iswitches": [],
        "uswitches": [
            "/s"
        ],
        "clswitch": "",
        "dependencies": []
    },
    "1.25.35": {
        "url": "https://github.com/brave/brave-browser/releases/download/v1.25.39/BraveBrowserStandaloneSilentNightlySetup.exe",
        "file-type": ".exe",
        "iswitches": [],
        "uswitches": [
            "/s"
        ],
        "clswitch": "",
        "dependencies": []
    },
    "1.25.39": {
        "url": "https://github.com/brave/brave-browser/releases/download/v1.25.39/BraveBrowserStandaloneSilentNightlySetup.exe",
        "file-type": ".exe",
        "iswitches": [],
        "uswitches": [
            "/s"
        ],
        "clswitch": "",
        "dependencies": []
    },
    "1.26.3": {
        "url": "https://github.com/brave/brave-browser/releases/download/v1.26.3/BraveBrowserStandaloneSilentNightlySetup.exe",
        "file-type": ".exe",
        "iswitches": [],
        "uswitches": [
            "/s"
        ],
        "clswitch": "",
        "dependencies": []
    },
    "1.26.7": {
        "url": "https://github.com/brave/brave-browser/releases/download/v1.26.7/BraveBrowserStandaloneSilentNightlySetup.exe",
        "file-type": ".exe",
        "iswitches": [],
        "uswitches": [
            "/s"
        ],
        "clswitch": "",
        "dependencies": []
    },
    "1.26.11": {
        "url": "https://github.com/brave/brave-browser/releases/download/v1.26.11/BraveBrowserStandaloneSilentNightlySetup.exe",
        "file-type": ".exe",
        "iswitches": [],
        "uswitches": [
            "/s"
        ],
        "clswitch": "",
        "dependencies": []
    },
    "1.26.15": {
        "url": "https://github.com/brave/brave-browser/releases/download/v1.26.15/BraveBrowserStandaloneSilentNightlySetup.exe",
        "file-type": ".exe",
        "iswitches": [],
        "uswitches": [],
        "clswitch": "",
        "dependencies": []
    },
    "1.25.56": {
        "url": "https://github.com/brave/brave-browser/releases/download/v1.25.56/BraveBrowserStandaloneSilentNightlySetup.exe",
        "file-type": ".exe",
        "iswitches": [],
        "uswitches": [
            "/s"
        ],
        "clswitch": "",
        "dependencies": []
    },
    "1.25.57": {
        "url": "https://github.com/brave/brave-browser/releases/download/v1.25.57/BraveBrowserStandaloneSilentNightlySetup.exe",
        "file-type": ".exe",
        "iswitches": [],
        "uswitches": [
            "/s"
        ],
        "clswitch": "",
        "dependencies": []
    },
    "1.26.18": {
        "url": "https://github.com/brave/brave-browser/releases/download/v1.26.18/BraveBrowserStandaloneSilentNightlySetup.exe",
        "file-type": ".exe",
        "iswitches": [],
        "uswitches": [
            "/s"
        ],
        "clswitch": "",
        "dependencies": []
    },
    "1.26.21": {
        "url": "https://github.com/brave/brave-browser/releases/download/v1.26.21/BraveBrowserStandaloneSilentNightlySetup.exe",
        "file-type": ".exe",
        "iswitches": [],
        "uswitches": [
            "/s"
        ],
        "clswitch": "",
        "dependencies": []
    },
    "1.26.22": {
        "url": "https://github.com/brave/brave-browser/releases/download/v1.26.22/BraveBrowserStandaloneSilentNightlySetup.exe",
        "file-type": ".exe",
        "iswitches": [],
        "uswitches": [
            "/s"
        ],
        "clswitch": "",
        "dependencies": []
    },
    "1.27.25": {
        "url": "https://github.com/brave/brave-browser/releases/download/v1.27.25/BraveBrowserStandaloneSilentNightlySetup.exe",
        "file-type": ".exe",
        "iswitches": [],
        "uswitches": [
            "/s"
        ],
        "clswitch": "",
        "dependencies": []
    }
}