{
    "display-name": "Cabal",
    "package-name": "cabal",
    "is-portable": true,
    "portable": {
        "display-name": "Cabal",
        "package-name": "cabal",
        "latest-version": "3.4.0.0",
        "auto-update": {
            "url": "https://downloads.haskell.org/cabal/cabal-install-<version>/cabal-install-<version>-x86_64-windows.zip" ,
            "version-check": {
                "webpage": "https://www.haskell.org/cabal/download.html",
                "regex": "Cabal library \\(version ([\\d.]+)\\)"
            }
        },
        "3.4.0.0": {
            "url": "https://downloads.haskell.org/cabal/cabal-install-3.4.0.0/cabal-install-3.4.0.0-x86_64-windows.zip",
            "file-type": ".zip",
            "extract-dir": "cabal",
            "bin": [
                "cabal.exe"
            ],
            "checksum": "860FFF2D39A82D1DC0CA924A77164D0988AF49C2C5F45E15D615144122BEB647"
        }
    }
}