{
    "display-name": "Calibre",
    "package-name": "calibre",
    "latest-version": "5.19.0",
    "auto-update": {
        "url": "https://download.calibre-ebook.com/<version>/calibre-64bit-<version>.msi",
        "version-check": {
            "webpage": "https://calibre-ebook.com/download_windows",
            "regex": "Version: ([\\d.]+)"
        }
    },
    "5.12.0": {
        "url": "https://download.calibre-ebook.com/5.16.1/calibre-64bit-5.16.1.msi",
        "file-type": ".msi",
        "iswitches": [
            "/qn",
            "/quiet",
            "/norestart"
        ],
        "uswitches": [
            "/qn",
            "/quiet",
            "/norestart"
        ],
        "clswitch": "INSTALLDIR=",
        "dependencies": [],
        "checksum": "1F8768135B9FB2CADFA57B3B4BDBBBF646E5BA2BB2160CA3BB86E5F889253B64"
    },
    "5.16.1": {
        "url": "https://download.calibre-ebook.com/5.16.1/calibre-64bit-5.16.1.msi",
        "file-type": ".msi",
        "iswitches": [
            "/qn",
            "/quiet",
            "/norestart"
        ],
        "uswitches": [
            "/qn",
            "/quiet",
            "/norestart"
        ],
        "clswitch": "INSTALLDIR=",
        "dependencies": [],
        "checksum": "1F8768135B9FB2CADFA57B3B4BDBBBF646E5BA2BB2160CA3BB86E5F889253B64"
    },
    "5.17.0": {
        "url": "https://download.calibre-ebook.com/5.17.0/calibre-64bit-5.17.0.msi",
        "file-type": ".msi",
        "iswitches": [
            "/qn",
            "/quiet",
            "/norestart"
        ],
        "uswitches": [
            "/qn",
            "/quiet",
            "/norestart"
        ],
        "clswitch": "INSTALLDIR=",
        "dependencies": [],
        "checksum": "AFADCFB0D101D6A320E8EB85DBE5087902D6ED04FD81F5AA8CE40DD4F72E5651"
    },
    "5.19.0": {
        "url": "https://download.calibre-ebook.com/5.19.0/calibre-64bit-5.19.0.msi",
        "file-type": ".msi",
        "iswitches": [
            "/qn",
            "/quiet",
            "/norestart"
        ],
        "uswitches": [
            "/qn",
            "/quiet",
            "/norestart"
        ],
        "clswitch": "INSTALLDIR=",
        "dependencies": [],
        "checksum": "1DDAA00D6376FDA5902ABF7E0586D21C0F14DF1706E5C4CB6EC3D5A46F11583C"
    }
}