{
    "display-name": "CCEnchancer",
    "package-name": "ccenhancer",
    "latest-version": "4.5.7",
    "auto-update": {
        "url": "https://singularlabs.com/download/13238/ccenhancer-install-<version>.exe",
        "version-check": {
            "webpage": "https://singularlabs.com/releases/",
            "regex": "CCEnhancer ([\\d.]+)"
        }
    },
    "4.5.7": {
        "url": "https://singularlabs.com/download/13238/ccenhancer-install-4.5.7.exe",
        "file-type": ".exe",
        "checksum": "05A0AEBFFE0190F871816530591C4F00C537B2F88F520242148376E8D3F14E64",
        "iswitches": [
            "/SP-",
            "/VERYSILENT",
            "/SUPPRESSMSGBOXES",
            "/NOCANCEL",
            "/NORESTART",
            "/FORCECLOSEAPPLICATIONS"
        ],
        "uswitches": [
            "/VERYSILENT",
            "/SUPPRESSMSGBOXES",
            "/NORESTART"
        ],
        "clswitch": "/DIR=",
        "dependencies": []
    }
}