{
    "display-name": "Chromedriver",
    "package-name": "chromedriver",
    "is-portable": true,
    "portable": {
        "display-name": "Chromedriver",
        "package-name": "chromedriver",
        "latest-version": "91.0.4472.19",
        "auto-update": {
            "url": "https://chromedriver.storage.googleapis.com/<version>/chromedriver_win32.zip",
            "version-check": {
                "webpage": "https://chromedriver.chromium.org/",
                "regex": "ChromeDriver ([\\d.]+)"
            }
        },
        "90.0.4430.24": {
            "url": "https://chromedriver.storage.googleapis.com/90.0.4430.24/chromedriver_win32.zip",
            "file-type": ".zip",
            "checksum": "30EB17C099FD7F5CBF605FA08C520B992347836E028321D47D6E404A65414336"
        },
        "91.0.4472.19": {
            "url": "https://chromedriver.storage.googleapis.com/91.0.4472.19/chromedriver_win32.zip",
            "checksum": "EED2EE9A1F6C8034C893F1F1A66C87BA0D11C951A411A6037221B54EA4F8D354",
            "file-type": ".zip"
        }
    }
}