{
    "display-name": "Clion",
    "package-name": "clion",
    "latest-version": "2021.1",
    "auto-update": {
        "url": "https://download-cf.jetbrains.com/cpp/CLion-<version>.exe",
        "version-check": {
            "webpage": "https://www.jetbrains.com/clion/",
            "regex": "New in CLion ([\\d.]+)" 
        }
    },
    "2021.1": {
        "url": "https://download-cf.jetbrains.com/cpp/CLion-2021.1.exe",
        "file-type": ".exe",
        "iswitches": [
            "/SP-",
            "/VERYSILENT"
        ],
        "uswitches": [
            "/SP-",
            "/VERYSILENT"
        ],
        "clswitch": "/DIR=",
        "dependencies": [],
        "checksum": "213965EF0D1CAD47712AAA90D2831AB8ACF4DACB3C82A154FF5AF7782145C67F"
    }
}