{
    "display-name": "CMake",
    "package-name": "cmake",
    "latest-version": "3.20.3",
    "auto-update": {
        "url": "https://github.com/Kitware/CMake/releases/download/v<version>/cmake-<version>-win64-x64.msi",
        "version-check": {
            "webpage": "https://github.com/Kitware/CMake",
            "type": "github"
        }
    },
    "3.19.6": {
        "url": "https://github.com/Kitware/CMake/releases/download/v3.19.6/cmake-3.19.6-win64-x64.msi",
        "file-type": ".msi",
        "iswitches": [
            "/qn",
            "/quiet",
            "/norestart"
        ],
        "uswitches": [
            "/qn",
            "/quiet",
            "/norestart"
        ],
        "clswitch": "INSTALLDIR=",
        "dependencies": [],
        "checksum": "C342A15A7A94FEB303AA2C80C91E78B78281B597CC81FA6ABD73F0A4639FC976"
    },
    "3.20.1": {
        "url": "https://github.com/Kitware/CMake/releases/download/v3.20.2/cmake-3.20.2-win64-x64.msi",
        "file-type": ".msi",
        "iswitches": [
            "/qn",
            "/quiet",
            "/norestart"
        ],
        "uswitches": [
            "/qn",
            "/quiet",
            "/norestart"
        ],
        "clswitch": "INSTALLDIR=",
        "dependencies": [],
        "checksum": "0019DFC4B32D63C1392AA264AED2253C1E0C2FB09216F8E2CC269BBFB8BB49B5"
    },
    "3.20.2": {
        "url": "https://github.com/Kitware/CMake/releases/download/v3.20.2/cmake-3.20.2-win64-x64.msi",
        "file-type": ".msi",
        "iswitches": [
            "/qn",
            "/quiet",
            "/norestart"
        ],
        "uswitches": [
            "/qn",
            "/quiet",
            "/norestart"
        ],
        "clswitch": "INSTALLDIR=",
        "dependencies": [],
        "checksum": "0019DFC4B32D63C1392AA264AED2253C1E0C2FB09216F8E2CC269BBFB8BB49B5"
    },
    "3.20.3": {
        "url": "https://github.com/Kitware/CMake/releases/download/v3.20.3/cmake-3.20.3-win64-x64.msi",
        "file-type": ".msi",
        "iswitches": [
            "/qn",
            "/quiet",
            "/norestart"
        ],
        "uswitches": [
            "/qn",
            "/quiet",
            "/norestart"
        ],
        "clswitch": "INSTALLDIR=",
        "dependencies": []
    }
}