{
    "display-name": "ConEmu",
    "package-name": "conemu",
    "latest-version": "21.04.22",
    "auto-update": {
        "url": "https://github.com/Maximus5/ConEmu/releases/download/v<version>/ConEmuSetup.<clean-version>.exe",
        "version-check": {
            "webpage": "https://github.com/Maximus5/ConEmu",
            "type": "github"
        }
    },
    "21.04.22": {
        "url": "https://github.com/Maximus5/ConEmu/releases/download/v21.04.22/ConEmuSetup.210422.exe",
        "file-type": ".exe",
        "iswitches": [
            "/p:x64,adm",
            "/qn",
            "/norestart"
        ],
        "uswitches": [],
        "clswitch": "APPLICATIONFOLDER=",
        "dependencies": [],
        "checksum": "6FFFAA6653724C4662AB9A05E4086D84CD60557A0661D05AF91630385F71A37E"
    }
}