{
    "display-name": "CrystalDiskInfo",
    "package-name": "crystaldiskinfo",
    "is-portable": true,
    "portable": {
        "display-name": "CrystalDiskInfo",
        "package-name": "crystaldiskinfo",
        "latest-version": "8.12.0",
        "auto-update": {
            "url": "http://osdn.dl.osdn.net/crystaldiskinfo/<1>/CrystalDiskInfo<underscore-version>.zip",
            "version-check": {
                "webpage": "https://osdn.net/projects/crystaldiskinfo/",
                "regex": "<a href=\"/projects/crystaldiskinfo/releases/([\\d]*)\">CrystalDiskInfo ([\\d.]+)</a>",
                "replace": "<2>"
            }
        },
        "8.11.2": {
            "url": "http://osdn.dl.osdn.net/crystaldiskinfo/74602/CrystalDiskInfo8_11_2.zip",
            "file-type": ".zip",
            "extract-dir": "crystaldiskinfo",
            "shortcuts": [
                {
                    "shortcut-name": "Crystal Disk Info",
                    "file-name": "DiskInfo64.exe"
                }
            ],
            "checksum": "874EE9A2AE82EA91EC70F1FC605247FA76ABE496E6BF99610BA15DF5800578A5"
        },
        "8.12.0": {
            "url": "http://osdn.dl.osdn.net/crystaldiskinfo/74801/CrystalDiskInfo8_12_0.zip",
            "checksum": "9F54AB14DEA95D43136C04863C13CFC45DE0292F89FC565815202D54180E1052",
            "file-type": ".zip",
            "extract-dir": "crystaldiskinfo",
            "shortcuts": [
                {
                    "shortcut-name": "Crystal Disk Info",
                    "file-name": "DiskInfo64.exe"
                }
            ]
        }
    }
}