{
    "display-name": "DocFX",
    "package-name": "docfx",
    "is-portable": true,
    "portable": {
        "display-name": "DocFX",
        "package-name": "docfx",
        "latest-version": "2.57.2",
        "auto-update": {
            "url": "https://github.com/dotnet/docfx/releases/download/v<version>/docfx.zip",
            "version-check": {
                "webpage": "https://github.com/dotnet/docfx/releases/latest",
                "regex": "Version ([\\d.]+)"
            }
        },
        "2.56.7": {
            "url": "https://github.com/dotnet/docfx/releases/download/v2.56.7/docfx.zip",
            "file-type": ".zip",
            "extract-dir": "docfx",
            "bin": [
                "docfx.exe"
            ],
            "checksum": "95F96BE280998E7EA6581D418C9B0D99DFFB0C86BCCA7F1DD257062163E0A79C"
        },
        "2.57.2": {
            "url": "https://github.com/dotnet/docfx/releases/download/v2.57.2/docfx.zip",
            "file-type": ".zip",
            "extract-dir": "docfx",
            "bin": [
                "docfx.exe"
            ],
            "checksum": "9F6D01B35CECF852902325B50F05B6F1A66AA6DE46A98A96573D75D0C53E90C9"
        }
    }
}