{
    "display-name": "Dolphin",
    "package-name": "dolphin",
    "latest-version": "5.0",
    "auto-update": {
        "url": "http://dl-mirror.dolphin-emu.org/<version>/dolphin-x64-<version>.exe",
        "version-check": {
            "webpage": "https://dolphin-emu.org/download/",
            "regex": "Dolphin ([\\d.]+)"
        }
    },
    "5.0": {
        "url": "http://dl-mirror.dolphin-emu.org/5.0/dolphin-x64-5.0.exe",
        "file-type": ".exe",
        "iswitches": [
            "/S"
        ],
        "uswitches": [
            "/S"
        ],
        "clswitch": "/D=",
        "dependencies": [],
        "checksum": "E1B3AE8FC890C6588E5656F77EF2747AE7DDFC90B6530B240C0C5B9D0AB3CE8C"
    }
}