{
    "display-name": "Double Commander",
    "package-name": "doublecmd",
    "latest-version": "0.9.10",
    "auto-update": {
        "url": "https://downloads.sourceforge.net/project/doublecmd/DC%20for%20Windows%2064%20bit/Double%20Commander%20<version>%20beta/doublecmd-<version>.x86_64-win64.msi",
        "version-check": {
            "webpage": "https://sourceforge.net/p/doublecmd/wiki/Download/",
            "regex": "doublecmd-([\\d.]+).x86_64-win64.msi"
        }
    },
    "0.9.10": {
        "url": "https://downloads.sourceforge.net/project/doublecmd/DC%20for%20Windows%2064%20bit/Double%20Commander%200.9.10%20beta/doublecmd-0.9.10.x86_64-win64.msi",
        "file-type": ".msi",
        "iswitches": [
            "/qn",
            "/quiet",
            "/norestart"
        ],
        "uswitches": [
            "/qn",
            "/quiet",
            "/norestart"
        ],
        "clswitch": "INSTALLDIR=",
        "dependencies": [],
        "checksum": "6BE44B256B84FF072E4C91B93C80C9F25E9A859741B287280BE39BD96A17A1F6"
    }
}