{
    "display-name": "Everything",
    "package-name": "everything",
    "latest-version": "1.4.1.1005",
    "auto-update": {
        "url": "https://www.voidtools.com/Everything-<version>.x64-Setup.exe",
        "version-check": {
            "webpage": "https://www.voidtools.com/downloads/",
            "regex": "Download Everything ([\\d.]+)"
        }
    },
    "1.4.1.1005": {
        "url": "https://www.voidtools.com/Everything-1.4.1.1005.x64-Setup.exe",
        "file-type": ".exe",
        "iswitches": [
            "/S"
        ],
        "uswitches": [
            "/S"
        ],
        "clswitch": "/D=",
        "dependencies": [],
        "checksum": "1881F69ABFBC5C34D286B9309DBE92A052D3B9726DE36174EC88A5A6C1AADDB1"
    }
}