{
    "$schema": "https://raw.githubusercontent.com/XtremeDevX/electric-packages/main/package-schema.json",
    "display-name": "GIMP*",
    "package-name": "gimp",
    "latest-version": "2.10.24",
    "auto-update": {
        "url": "https://download.gimp.org/mirror/pub/gimp/v2.10/windows/gimp-<version>-setup.exe",
        "version-check": {
            "webpage": "https://www.gimp.org/downloads/",
            "regex": "<b>([\\d.]+)</b>"
        }
    },
    "2.10.22": {
        "url": "https://download.gimp.org/mirror/pub/gimp/v2.10/windows/gimp-2.10.22-setup.exe",
        "file-type": ".exe",
        "iswitches": [
            "/SP-",
            "/VERYSILENT",
            "/SUPRESSMSGBOXES",
            "/NOCANCEL",
            "/NORESTART",
            "/FORCECLOSEAPPLICATIONS",
            "/RESTARTEXITCODE=3010",
            "/ALLUSERS"
        ],
        "uswitches": [
            "/VERYSILENT",
            "/SUPRESSMSGBOXES",
            "/NORESTART"
        ],
        "clswitch": "/DIR=",
        "dependencies": [],
        "checksum": "F7851C348584CE432DFD8E69B74A168C7DEC33EBFDDC29C96AD2D6B83ADED083"
    },
    "2.10.24": {
        "url": "https://download.gimp.org/mirror/pub/gimp/v2.10/windows/gimp-2.10.24-setup.exe",
        "file-type": ".exe",
        "iswitches": [
            "/SP-",
            "/VERYSILENT",
            "/SUPRESSMSGBOXES",
            "/NOCANCEL",
            "/NORESTART",
            "/FORCECLOSEAPPLICATIONS",
            "/RESTARTEXITCODE=3010",
            "/ALLUSERS"
        ],
        "uswitches": [
            "/VERYSILENT",
            "/SUPRESSMSGBOXES",
            "/NORESTART"
        ],
        "clswitch": "/DIR=",
        "dependencies": [],
        "checksum": "1706243B916F3458297A7602522620F51601B70CC35AB63BCCF8C898D6FE0B71"
    }
}