{
    "display-name": "Git Credential Manager For Windows",
    "package-name": "git-credential-manager-for-windows",
    "latest-version": "1.20.0",
    "auto-update": {
        "url": "https://github.com//microsoft/Git-Credential-Manager-for-Windows/releases/download/<version>/GCMW-<version>.exe",
        "version-check": {
            "webpage": "https://github.com/microsoft/Git-Credential-Manager-for-Windows",
            "type": "github"
        }
    },
    "1.20.0": {
        "url": "https://github.com//microsoft/Git-Credential-Manager-for-Windows/releases/download/1.20.0/GCMW-1.20.0.exe",
        "file-type": ".exe",
        "iswitches": [
            "/SP-",
            "/VERYSILENT",
            "/SUPPRESSMSGBOXES",
            "/NOCANCEL",
            "/NORESTART",
            "/FORCECLOSEAPPLICATIONS"
        ],
        "uswitches": [
            "/VERYSILENT",
            "/SUPPRESSMSGBOXES",
            "/NORESTART"
        ],
        "clswitch": "/DIR=",
        "dependencies": [],
        "checksum": "1D7ABFF180256192FE5C9FF6EBA2BA40505BACAC02D60FA37BA7C7F477C962F1"
    }
}