{
    "display-name": "Git",
    "package-name": "git",
    "latest-version": "2.32.0",
    "auto-update": {
        "url": "https://github.com/git-for-windows/git/releases/download/v<version>.windows.3/Git-<version>-64-bit.exe",
        "version-check": {
            "webpage": "https://github.com/git-for-windows/git",
            "type": "github"
        }
    },
    "2.29.2": {
        "url": "https://github.com/git-for-windows/git/releases/download/v2.29.2.windows.3/Git-2.29.2.3-64-bit.exe",
        "file-type": ".exe",
        "iswitches": [
            "/SP-",
            "/VERYSILENT",
            "/SUPPRESSMSGBOXES",
            "/NOCANCEL",
            "/NORESTART",
            "/FORCECLOSEAPPLICATIONS"
        ],
        "uswitches": [
            "/VERYSILENT",
            "/SUPPRESSMSGBOXES",
            "/NORESTART"
        ],
        "clswitch": "/DIR=",
        "dependencies": [],
        "checksum": "7EA2CD77818FAAE28BA401D1E7D9467DA00E97BBD5E7FBB6788CE0CEFDD24D2D"
    },
    "2.32.0": {
        "url": "https://github.com/git-for-windows/git/releases/download/v2.32.0.windows.3/Git-2.32.0-64-bit.exe",
        "file-type": ".exe",
        "iswitches": [
            "/SP-",
            "/VERYSILENT",
            "/SUPPRESSMSGBOXES",
            "/NOCANCEL",
            "/NORESTART",
            "/FORCECLOSEAPPLICATIONS"
        ],
        "uswitches": [
            "/VERYSILENT",
            "/SUPPRESSMSGBOXES",
            "/NORESTART"
        ],
        "clswitch": "/DIR=",
        "dependencies": []
    }
}