{
    "display-name": "Go Programming Language",
    "package-name": "go",
    "latest-version": "1.16.4",
    "auto-update": {
        "url": "https://golang.org/dl/go<version>.windows-amd64.msi",
        "version-check": {
            "webpage": "https://golang.org/dl/",
            "regex": "go([\\d.]+).windows-amd64.msi"
        }
    },
    "1.16": {
        "url": "https://golang.org/dl/go1.16.windows-amd64.msi",
        "file-type": ".msi",
        "iswitches": [
            "/qn",
            "/quiet",
            "/norestart"
        ],
        "uswitches": [
            "/qn",
            "/quiet",
            "/norestart"
        ],
        "clswitch": "INSTALLDIR=",
        "default-install-dir": "C:\\Program Files\\Go",
        "bin": [
            "<install-directory>\\bin\\go.exe",
            "<install-directory>\\bin\\gofmt.exe"
        ],
        "dependencies": [],
        "checksum": "0FD550A74F6C8EF5DF405751F5E39A0BA25786930C5D61503BF71D3C3EFA2414"
    },
    "1.16.4": {
        "url": "https://golang.org/dl/go1.16.4.windows-amd64.msi",
        "file-type": ".msi",
        "iswitches": [
            "/qn",
            "/quiet",
            "/norestart"
        ],
        "uswitches": [
            "/qn",
            "/quiet",
            "/norestart"
        ],
        "clswitch": "INSTALLDIR=",
        "default-install-dir": "C:\\Program Files\\Go",
        "bin": [
            "<install-directory>\\bin\\go.exe",
            "<install-directory>\\bin\\gofmt.exe"
        ],
        "dependencies": [],
        "checksum": "9AE1CAFAD5F206F004CFE4E9E9B64E4710CB69C83F6221DA89C113B6F2E8DEC8"
    }
}