{
    "display-name": "Godot",
    "package-name": "godot",
    "is-portable": true,
    "portable": {
        "auto-update": {
            "url": "https://downloads.tuxfamily.org/godotengine/<version>/Godot_v<version>-stable_win64.exe.zip",
            "version-check": {
                "webpage": "https://godotengine.org/download/windows",
                "regex": "<em>([\\d.]+)</em>"
            }
        },
        "latest-version": "3.3.2",
        "3.3": {
            "url": "https://downloads.tuxfamily.org/godotengine/3.3/Godot_v3.3-stable_win64.exe.zip",
            "file-type": ".zip",
            "bin": [
                {
                    "shim-name": "godot",
                    "file-name": "Godot_v<version>-stable_win64.exe"
                }
            ],
            "dependencies": []
        },
        "3.3.1": {
            "url": "https://downloads.tuxfamily.org/godotengine/3.3.1/Godot_v3.3.1-stable_win64.exe.zip",
            "file-type": ".zip",
            "bin": [
                {
                    "shim-name": "godot",
                    "file-name": "Godot_v<version>-stable_win64.exe"
                }
            ],
            "dependencies": []
        },
        "3.3.2": {
            "url": "https://downloads.tuxfamily.org/godotengine/3.3.2/Godot_v3.3.2-stable_win64.exe.zip",
            "file-type": ".zip",
            "bin": [
                {
                    "shim-name": "godot",
                    "file-name": "Godot_v<version>-stable_win64.exe"
                }
            ],
            "dependencies": []
        }
    }
}