{
    "display-name": "Goland",
    "package-name": "goland",
    "latest-version": "2021.1",
    "auto-update": {
        "url": "https://download-cf.jetbrains.com/go/goland-<version>.exe",
        "version-check": {
            "webpage": "https://www.jetbrains.com/go/whatsnew/",
            "regex": "GoLand ([\\d.]+)" 
        }
    },
    "2021.1": {
        "url": "https://download-cf.jetbrains.com/go/goland-2021.1.exe",
        "file-type": ".exe",
        "iswitches": [
            "/S"
        ],
        "uswitches": [
            "/S"
        ],
        "clswitch": "/D=",
        "dependencies": [],
        "checksum": "840EFB90969876D6E21A9FA5B83A489A8E275EFF236703383949DA105861C0FB"
    }
}