{
    "display-name": "Google Drive",
    "package-name": "google-drive-file-stream",
    "latest-version": "latest",
    "latest": {
        "url": "https://dl.google.com/drive-file-stream/GoogleDriveFSSetup.exe",
        "file-type": ".exe",
        "iswitches": [
            "--silent"
        ],  
        "uswitches": [
            "--silent"
        ],
        "clswitch": "",
        "dependencies": [],
        "checksum": "128CFC9B4FF6497CB044A843F465C2221C891C6019038E8DB0829F54F6A20944"
    }
}
