{
    "display-name": "Google Earth Pro",
    "package-name": "google-earth-pro",
    "latest-version": "7.3.3.7786",
    "auto-update": {
        "url": "https://dl.google.com/dl/earth/client/advanced/current/googleearthprowin-<major-version>.<minor-version>.<patch-version>-x64.exe",
        "version-check": {
            "webpage": "https://www.techspot.com/downloads/1018-google-earth.html",
            "regex": "<span class=\"subver\" itemprop=\"softwareVersion\">([\\d.]+)</span>"
        }
    },
    "7.3.3.21072020": {
        "url": "https://dl.google.com/dl/earth/client/advanced/current/googleearthprowin-7.3.3-x64.exe",
        "file-type": ".exe",
        "iswitches": [
            "OMAHA=1"
        ],
        "uswitches": [],
        "clswitch": "",
        "dependencies": [],
        "checksum": "FE2711C7CB75455B52D7E4A6700BE296FD567AF607D5D43BFA8BA7451BB7C2B7"
    },
    "7.3.3.7786": {
        "url": "https://dl.google.com/dl/earth/client/advanced/current/googleearthprowin-7.3.3-x64.exe",
        "file-type": ".exe",
        "iswitches": [
            "OMAHA=1"
        ],
        "uswitches": [],
        "clswitch": "",
        "dependencies": [],
        "checksum": "FE2711C7CB75455B52D7E4A6700BE296FD567AF607D5D43BFA8BA7451BB7C2B7"
    }
}