{
    "display-name": "Gradle",
    "package-name": "gradle",
    "is-portable": true,
    "portable": {
        "display-name": "Gradle",
        "package-name": "gradle",
        "latest-version": "6.8.3",
        "6.8.3": {
            "url": "https://services.gradle.org/distributions/gradle-6.8.3-all.zip",
            "file-type": ".zip",
            "chdir": "gradle-6.8.3",
            "bin": [
                "bin\\gradle.bat"
            ],
            "extract-dir": "gradle",
            "set-env": {
                "name": "GRADLE_HOME",
                "value": "<install-directory>"
            },
            "checksum": "9AF5C8E7E2CD1A3B0F694A4AC262B9F38C75262E74A9E8B5101AF302A6BEADD7"
        }
    }
}