{
    "display-name": "ImageMagick",
    "package-name": "imagemagick",
    "latest-version": "",
    "": {
        "url": "https://download.imagemagick.org/ImageMagick/download/binaries/ImageMagick-7.0.11-2-Q16-HDRI-x64-dll.exe",
        "file-type": ".exe",
        "iswitches": [
            "/SP-",
            "/VERYSILENT",
            "/SUPPRESSMSGBOXES",
            "/NOCANCEL",
            "/NORESTART",
            "/FORCECLOSEAPPLICATIONS"
        ],
        "uswitches": [
            "/VERYSILENT",
            "/SUPPRESSMSGBOXES",
            "/NORESTART"
        ],
        "clswitch": "/DIR=",
        "dependencies": [],
        "checksum": "80C3FE2AE1062ABF56456F52518BD670F9EC3917B7F85E152B347AC6B6FAF880"
    }
}