{
    "display-name": "iTunes",
    "package-name": "itunes",
    "latest-version": "12.11.0.26",
    "12.11.0.26": {
        "url": "https://secure-appldnld.apple.com/itunes12/001-82541-20201113-960CFAAE-25EC-11EB-864A-F0B0133BD450/iTunes64Setup.exe",
        "file-type": ".exe",
        "iswitches": [
            "/qn",
            "/quiet",
            "/norestart"
        ],
        "uswitches": [
            "/qn",
            "/quiet",
            "/norestart"
        ],
        "clswitch": "INSTALLDIR=",
        "dependencies": [],
        "checksum": "FFF4A32A59B2D78EB2807800D30A05E0B14D1B16DFB70FF0EAE20B5A45079FA7"
    }
}