{
    "display-name": "Java SE Development Kit 8",
    "package-name": "jdk8",
    "latest-version": "8.0.211",
    "8.0.211": {
        "url": "https://javadl.oracle.com/webapps/download/GetFile/1.8.0_211-b12/478a62b7d4e34b78b671c754eaaf38ab/windows-i586/jdk-8u211-windows-x64.exe",
        "file-type": ".exe",
        "iswitches": [
            "/s"
        ],
        "uswitches": [],
        "uninstall": [
            "jre8"
        ],
        "clswitch": "/INSTALLDIRPUBJRE=",
        "dependencies": [],
        "checksum": "F46BE98D14A2B2D0451A005624B28E6B86A56FA96F580C4963B5EDED2BA09FC3"
    }
}