{
    "display-name": "JetBrains ToolBox",
    "package-name": "jetBrains-toolbox",
    "latest-version": "1.20.7940",
    "1.20.7940": {
        "url": "https://download.jetbrains.com/toolbox/jetbrains-toolbox-1.20.7940.exe",
        "file-type": ".exe",
        "iswitches": [
            "/S"
        ],
        "uswitches": [
            "/S"
        ],
        "clswitch": "/D=",
        "dependencies": [],
        "checksum": "CCC6A1A1083DCA541DBA7668DE54A62E7A1BCF7E4DAD0D10F9ECAEDE84CF704C"
    }
}