{
    "display-name": "Java 8",
    "package-name": "jre8",
    "latest-version": "8.0.2810.9",
    "8.0.2810.9": {
        "url": "https://javadl.oracle.com/webapps/download/AutoDL?BundleId=244068_89d678f2be164786b292527658ca1605",
        "file-type": ".exe",
        "iswitches": [
            "/s"
        ],
        "uswitches": [],
        "clswitch": "INSTALLDIR=",
        "default-install-dir": "C:\\Program Files\\Java\\jre1.8.0_281",
        "set-env": {
            "name": "JAVA_HOME",
            "value": "<install-directory>\\bin"
        },
        "dependencies": [],
        "checksum": "27FD9A85F2B49AE6A11B15E36AB28C0493D5572357EDF2990A65A2B56F1E1157"
    }
}