{
    "display-name": "KeePassXC",
    "package-name": "keepassxc",
    "latest-version": "2.6.4",
    "2.6.4": {
        "url": "https://github.com/keepassxreboot/keepassxc/releases/download/2.6.4/KeePassXC-2.6.4-Win64.msi",
        "file-type": ".msi",
        "iswitches": [
            "/qn",
            "/quiet",
            "/norestart"
        ],
        "uswitches": [
            "/qn",
            "/quiet",
            "/norestart"
        ],
        "clswitch": "INSTALLDIR=",
        "dependencies": [],
        "checksum": "CF4D1A734A3A141F09F050C152DEFCB5090421E087115AF36D567DF840056A39"
    }
}