{
    "display-name": "Microsoft Local Administrator Password Solution",
    "package-name": "laps",
    "latest-version": "6.2.0",
    "6.2.0": {
        "url": "https://download.microsoft.com/download/C/7/A/C7AAD914-A8A6-4904-88A1-29E657445D03/LAPS.x64.msi",
        "file-type": ".msi",
        "iswitches": [
            "/qn",
            "/quiet",
            "/norestart"
        ],
        "uswitches": [
            "/qn",
            "/quiet",
            "/norestart"
        ],
        "clswitch": "INSTALLDIR=",
        "dependencies": [],
        "checksum": "F63EBBC45E2D080630BD62A195CD225DE734131A56BB7B453C84336E37ABD766"
    }
}