{
    "display-name": "LessMSI",
    "package-name": "lessmsi",
    "is-portable": true,
    "portable": {
        "display-name": "LessMSI",
        "package-name": "lessmsi",
        "latest-version": "1.8.1",
        "1.8.1": {
            "url": "https://github.com/activescott/lessmsi/releases/download/v1.8.1/lessmsi-v1.8.1.zip",
            "file-type": ".zip",
            "extract-dir": "lessmsi",
            "bin": [
                "lessmsi.exe"
            ],
            "checksum": "1309C1BA220806CA54C4603E53463C4AB50A9D1DC74D9DA7ABFE0822F2778012"
        }
    }
}