{
    "display-name": "LibreOffice",
    "package-name": "libreoffice",
    "latest-version": "7.1.2",
    "7.1.2": {
        "url": "https://download.documentfoundation.org/libreoffice/stable/7.1.2/win/x86_64/LibreOffice_7.1.2_Win_x64.msi",
        "file-type": ".msi",
        "iswitches": [
            "/qn",
            "/quiet",
            "/norestart"
        ],
        "uswitches": [
            "/qn",
            "/quiet",
            "/norestart"
        ],
        "clswitch": "INSTALLDIR=",
        "dependencies": [],
        "checksum": "F40BB5E1D3C81C518685E1C17B9C19DF77DAFBBACCD6F01A19A9486E24165F6B"
    }
}