{
    "display-name": "Logitech Camera Settings",
    "package-name": "logitech-camera-settings",
    "latest-version": "2.12.8.0",
    "2.12.8.0": {
        "url": "https://download01.logi.com/web/ftp/pub/techsupport/cameras/Webcams/LogiCameraSettings_2.12.8.exe",
        "file-type": ".exe",
        "iswitches": [
            "/S"
        ],
        "uswitches": [
            "/S"
        ],
        "clswitch": "/D=",
        "dependencies": [],
        "checksum": "4A18682E139A4BF665F7BF348C2887E52C656C1C4B3797817A2849668808BB97"
    }
}