{
    "display-name": "MetricBeat",
    "package-name": "metricbeat",
    "is-portable": true,
    "portable": {
        "display-name": "MetricBeat",
        "package-name": "metricbeat",
        "latest-version": "7.11.1",
        "7.11.1": {
            "url": "https://artifacts.elastic.co/downloads/beats/metricbeat/metricbeat-7.11.1-windows-x86_64.zip",
            "file-type": ".zip",
            "extract-dir": "metricbeat",
            "chdir": "metricbeat-7.11.1-windows-x86_64",
            "bin": [
                "metricbeat.exe"
            ],
            "checksum": "F9C22030F8E1769D9B79C172986F23949F6A00FFA0B60727E53D33BC8796E090"
        }
    }
}