{
    "display-name": "Microsoft Teams",
    "package-name": "microsoft-teams",
    "latest-version": "1.4.00.2879",
    "1.4.00.2879": {
        "url": "https://statics.teams.cdn.office.net/production-windows-x64/1.4.00.2879/Teams_windows_x64.exe",
        "file-type": ".exe",
        "iswitches": [
            "-s"
        ],
        "uswitches": [
            "-s"
        ],
        "clswitch": "",
        "dependencies": [],
        "checksum": "6968540A0DEFD3C49187585D35FB3D449BC34D6D79016860200B6E204C75CF5E"
    }
}