{
    "display-name": "Microsoft Mouse And Keyboard Center",
    "package-name": "microsoft-mouse-and-keyboard-center",
    "latest-version": "13.250",
    "13.250": {
        "url": "https://download.microsoft.com/download/2/8/c/28c3badc-f8f9-42f8-ada0-2a3a5b34539a/MouseKeyboardCenter_64bit_ENG_13.250.exe",
        "file-type": ".exe",
        "iswitches": [
            "/silentinstall"
        ],
        "uswitches": [],
        "clswitch": "",
        "dependencies": [],
        "checksum": "A76D7F606358C63301498D1E6818D5FBEF47FF22E4DEA2CB75662037350E152B"
    }
}