{
    "display-name": "Neovim",
    "package-name": "neovim",
    "is-portable": true,
    "portable": {
        "display-name": "Neovim",
        "package-name": "neovim",
        "latest-version": "0.4.4.20210116",
        "0.4.4.20210116": {
            "url": "https://github.com/neovim/neovim/releases/download/v0.4.4/nvim-win64.zip",
            "file-type": ".zip",
            "extract-dir": "neovim",
            "chdir": "Neovim",
            "bin": [
                "bin\\cat.exe",
                "bin\\curl.exe",
                "bin\\diff.exe",
                "bin\\nvim.exe",
                "bin\\nvim-qt.exe",
                "bin\\tee.exe",
                "bin\\tidy.exe",
                "bin\\win32yank.exe",
                "bin\\winpty-agent.exe",
                "bin\\xxd.exe"
            ],
            "checksum": "4B88DAAE8427624F82ABB10EB6E527F4B0C600E83AAA9A0857D06106B445BBD3"
        }
    }
}