{
    "display-name": "Nextcloud Desktop Client",
    "package-name": "nextcloud-client",
    "latest-version": "3.2.0",
    "3.2.0": {
        "url": "https://github.com/nextcloud/desktop/releases/download/v3.2.0/Nextcloud-3.2.0-x64.msi",
        "file-type": ".msi",
        "iswitches": [
            "/qn",
            "/quiet",
            "/norestart"
        ],
        "uswitches": [
            "/qn",
            "/quiet",
            "/norestart"
        ],
        "clswitch": "INSTALLDIR=",
        "dependencies": [
            "vcredist140"
        ]
    }
}