{
    "display-name": "NSClient++",
    "package-name": "nsclient++",
    "latest-version": "0.5.2.39",
    "0.5.2.39": {
        "url": "https://github.com/mickem/nscp/releases/download/0.5.2.39/NSCP-0.5.2.39-x64.msi",
        "file-type": ".msi",
        "iswitches": [
            "/qn",
            "/quiet",
            "/norestart"
        ],
        "uswitches": [
            "/qn",
            "/quiet",
            "/norestart"
        ],
        "clswitch": "INSTALLDIR=",
        "dependencies": [],
        "checksum": "DFE93C293F30586B02510D8B7884E4E177B93A5FEAD8B5DC6DE8103532E6E159"
    }
}