{
    "display-name": "NXLog",
    "package-name": "nxlog",
    "latest-version": "2.10.2150",
    "2.10.2150": {
        "url": "https://nxlog.co/system/files/products/files/348/nxlog-ce-2.10.2150.msi",
        "file-type": ".msi",
        "iswitches": [
            "/qn",
            "/quiet",
            "/norestart"
        ],
        "uswitches": [
            "/qn",
            "/quiet",
            "/norestart"
        ],
        "clswitch": "INSTALLDIR=",
        "dependencies": [],
        "checksum": "DCDDD2297C4FAD9FDEAA36276D58317A7EA1EFCD6851F89215A7231CDA6BA266"
    }
}