{
    "display-name": "Octopus Deploy - Tentacle",
    "package-name": "octopusdeploy-tentacle",
    "latest-version": "6.0.480",
    "6.0.480": {
        "url": "https://download.octopusdeploy.com/octopus/Octopus.Tentacle.6.0.480-x64.msi",
        "file-type": ".msi",
        "iswitches": [
            "/qn",
            "/quiet",
            "/norestart"
        ],
        "uswitches": [
            "/qn",
            "/quiet",
            "/norestart"
        ],
        "clswitch": "INSTALLDIR=",
        "dependencies": [],
        "checksum": "202369A30E373A0C607A7B7567FC781EDDAF1A28BBA43E5DF056F2B1E4E015EE"
    }
}