{
    "display-name": "Microsoft OneDrive",
    "package-name": "microsoft-onedrive",
    "latest-version": "21.052.0314.0001",
    "21.052.0314.0001": {
        "url": "https://go.microsoft.com/fwlink/?linkid=860984",
        "file-type": ".exe",
        "checksum": "3D0FD9BC472509A7D32D42F7251C00284081AFF944303C1FB4058EC719C7F972",
        "iswitches": [
            "/allusers",
            "/silent"
        ],
        "uswitches": [],
        "clswitch": "",
        "dependencies": []
    }
}