{
    "display-name": "OpenSSL",
    "package-name": "openssl",
    "latest-version": "1.1.1.1000",
    "1.1.1.1000": {
        "url": "https://slproweb.com/download/Win64OpenSSL-1_1_1j.exe",
        "file-type": ".exe",
        "iswitches": [
            "/SP-",
            "/VERYSILENT",
            "/SUPPRESSMSGBOXES",
            "/NOCANCEL",
            "/NORESTART",
            "/FORCECLOSEAPPLICATIONS"
        ],
        "uswitches": [
            "/VERYSILENT",
            "/SUPPRESSMSGBOXES",
            "/NORESTART"
        ],
        "clswitch": "/DIR=",
        "dependencies": [],
        "checksum": "8351C0267C2CD7866FF04C04261F06CD75AF9A7130AAC848CA43FD047404E229"
    }
}