{
    "display-name": "Paint.NET",
    "package-name": "paint-dotnet",
    "is-portable": true,
    "portable": {
        "latest-version": "4.2.15",
        "4.2.15": {
            "url": "https://www.dotpdn.com/files/paint.net.4.2.15.install.zip",
            "file-type": ".zip",
            "pre-install": [
                {
                    "type": "python",
                    "admin": false,
                    "override": true,
                    "code": [
                        "import zipfile",
                        "import os",
                        "with zipfile.ZipFile(r'<installer>', 'r') as zip_ref:",
                        "    zip_ref.extractall(r'<temp>\\electric')",
                        "path = r'<temp>\\electric\\paint.net.<version>.install'",
                        "if not \"<directory>\":",
                        "    os.system(f'{path} /auto')",
                        "os.system('electric register <package-name> --version <version>')",
                        "print('Successfully Installed <display-name>')"
                    ]
                }
            ],
            "iswitches": [],
            "uswitches": [],
            "run-check": true,
            "clswitch": "",
            "dependencies": []    
        }
    }
}