{
    "display-name": "PeaZip",
    "package-name": "peazip",
    "latest-version": "7.8.0",
    "7.8.0": {
        "url": "https://github.com/peazip/PeaZip/releases/download/7.8.0/peazip-7.8.0.WIN64.exe",
        "file-type": ".exe",
        "checksum": "1d89648ffa4e2ce0682c6b748c96c575df832097313865a6805d93ad51c261a6",
        "iswitches": [
            "/SP-",
            "/VERYSILENT",
            "/SUPPRESSMSGBOXES",
            "/NOCANCEL",
            "/NORESTART",
            "/FORCECLOSEAPPLICATIONS"
        ],
        "uswitches": [
            "/VERYSILENT",
            "/SUPPRESSMSGBOXES",
            "/NORESTART"
        ],
        "clswitch": "/DIR=",
        "dependencies": []
    }
}