{
    "display-name": "Powertoys",
    "package-name": "powertoys",
    "latest-version": "0.31.2",
    "0.31.2": {
        "url": "https://github.com/microsoft/PowerToys/releases/download/v0.31.2/PowerToysSetup-0.31.2-x64.exe",
        "file-type": ".exe",
        "iswitches": [
            "--silent",
            "--skip_dotnet_install"
        ],
        "uswitches": [],
        "clswitch": "",
        "dependencies": [],
        "checksum": "8B4A3D4C8D18DA10FD11558BD6C8CF195D931576D6E07369E7AC99BA9BE7C4C4"
    }
}