{
    "display-name": "Prometheus WMI Exporter",
    "package-name": "prometheus-wmi-exporter",
    "latest-version": "0.12.0",
    "0.12.0": {
        "url": "https://github.com/martinlindhe/wmi_exporter/releases/download/v0.12.0/wmi_exporter-0.12.0-amd64.msi",
        "file-type": ".msi",
        "iswitches": [
            "/qn",
            "/quiet",
            "/norestart"
        ],
        "uswitches": [
            "/qn",
            "/quiet",
            "/norestart"
        ],
        "clswitch": "INSTALLDIR=",
        "dependencies": [],
        "checksum": "EDDAF83CAE2925859D3C0EE770E507A6B0A94D7612DE21C2BCF91C6946A8DCE2"
    }
}