{
    "display-name": "PuTTY",
    "package-name": "putty",
    "latest-version": "0.74",
    "0.74": {
        "url": "https://the.earth.li/~sgtatham/putty/latest/w64/putty-64bit-0.74-installer.msi",
        "file-type": ".msi",
        "iswitches": [
            "/qn",
            "/quiet",
            "/norestart"
        ],
        "uswitches": [
            "/qn",
            "/quiet",
            "/norestart"
        ],
        "clswitch": "INSTALLDIR=",
        "dependencies": [],
        "checksum": "2A001DD1C5D81AE1C17DB97B0BB6C2C7CADA43888D4F30A814C18D55AA28FEB6"
    }
}