{
    "display-name": "Pycharm",
    "package-name": "pycharmpro",
    "latest-version": "2021.1",
    "2021.1": {
        "url": "https://download-cf.jetbrains.com/python/pycharm-professional-2021.1.exe",
        "file-type": ".exe",
        "iswitches": [
            "/S"
        ],
        "uswitches": [
            "/S"
        ],
        "clswitch": "/D=",
        "dependencies": [],
        "checksum": "EB3E589FBB3EEDF54CA171827BB81F14D6AEE9C8058F3F274386DB5E62EB58F1"
    }
}