{
    "$schema": "https://raw.githubusercontent.com/XtremeDevX/electric-packages/main/package-schema.json",
    "display-name": "Python",
    "package-name": "python",
    "latest-version": "3.9.4",
    "3.9.4": {
        "url": "https://www.python.org/ftp/python/3.9.4/python-3.9.4-amd64.exe",
        "file-type": ".exe",
        "default-install-dir": "<appdata>\\Local\\Programs\\Python\\Python39",
        "iswitches": [
            "/qn",
            "/quiet",
            "/norestart"
        ],
        "uswitches": [
            "/qn",
            "/quiet",
            "/norestart"
        ],
        "clswitch": "/TARGETDIR",
        "add-path": "<install-directory>\\Scripts",
        "dependencies": []
    },
    "3.9.3": {
        "url": "https://www.python.org/ftp/python/3.9.3/python-3.9.3-amd64.exe",
        "file-type": ".exe",
        "default-install-dir": "<appdata>\\Local\\Programs\\Python\\Python39",
        "iswitches": [
            "/qn",
            "/quiet",
            "/norestart"
        ],
        "uswitches": [
            "/qn",
            "/quiet",
            "/norestart"
        ],
        "clswitch": "/TARGETDIR",
        "add-path": "<install-directory>\\Scripts",
        "dependencies": []
    },
    "3.9.2": {
        "url": "https://www.python.org/ftp/python/3.9.2/python-3.9.2-amd64.exe",
        "file-type": ".exe",
        "default-install-dir": "<appdata>\\Local\\Programs\\Python\\Python39",
        "iswitches": [
            "/qn",
            "/quiet",
            "/norestart"
        ],
        "uswitches": [
            "/qn",
            "/quiet",
            "/norestart"
        ],
        "clswitch": "/TARGETDIR",
        "add-path": "<install-directory>\\Scripts",
        "dependencies": []
    },
    "3.9.1": {
        "url": "https://www.python.org/ftp/python/3.9.1/python-3.9.1-amd64.exe",
        "file-type": ".exe",
        "default-install-dir": "<appdata>\\Local\\Programs\\Python\\Python39",
        "iswitches": [
            "/qn",
            "/quiet",
            "/norestart"
        ],
        "uswitches": [
            "/qn",
            "/quiet",
            "/norestart"
        ],
        "clswitch": "/TARGETDIR",
        "add-path": "<install-directory>\\Scripts",
        "dependencies": [],
        "checksum": "9DB77E7282945D3409ABC2A43142AE0F0B829F1656BED07BC18526E765F05F86"
    }
}
