{
    "display-name": "qBittorrent",
    "package-name": "qbittorrent",
    "latest-version": "4.3.3",
    "4.3.3": {
        "url": "https://sourceforge.net/projects/qbittorrent/files/qbittorrent-win32/qbittorrent-4.3.3/qbittorrent_4.3.3_x64_setup.exe/download",
        "file-type": ".exe",
        "iswitches": [
            "/S"
        ],
        "uswitches": [
            "/S"
        ],
        "clswitch": "/D=",
        "dependencies": [],
        "checksum": "B5C0902DB1E36BAAF42A26DCC4EE517CEFBD46098B0FC2A05578C1C24437A404"
    }
}