{
    "display-name": "QuickTime",
    "package-name": "quicktime",
    "latest-version": "7.7.9.20161124",
    "7.7.9.20161124": {
        "url": "https://secure-appldnld.apple.com/QuickTime/031-43075-20160107-C0844134-B3CD-11E5-B1C0-43CA8D551951/QuickTimeInstaller.exe",
        "file-type": ".exe",
        "iswitches": [
            "/qn",
            "/quiet",
            "/norestart"
        ],
        "uswitches": [
            "/qn",
            "/quiet",
            "/norestart"
        ],
        "clswitch": "INSTALLDIR=",
        "dependencies": [],
        "checksum": "56EFF77B029B5F56C47D11FE58878627065DBEACBC3108D50D98A83420152C2B"
    }
}