{
    "display-name": "Jetbrains dotTrace",
    "package-name": "resharper",
    "latest-version": "2021.1.1",
    "2021.1.1": {
        "url": "https://download-cf.jetbrains.com/resharper/dotUltimate.2021.1.1/JetBrains.dotUltimate.2021.1.1.exe",
        "file-type": ".exe",
        "iswitches": [
            "/SpecificProductNames=ReSharper;dotTrace",
            "/Silent=True"
        ],
        "uswitches": [
            "/SpecificProductNamesToRemove=ReSharper;dotTrace ",
            "/Silent=True "
        ],
        "clswitch": "/DIR=",
        "dependencies": [],
        "checksum": "25CF90136AE540CC224855C52100289A873F759D875E4B64C99AC0581273099F"
    }
}