{
    "display-name": "rider",
    "package-name": "rider",
    "latest-version": "2021.1.1",
    "2021.1.1": {
        "url": "https://download-cf.jetbrains.com/rider/JetBrains.Rider-2021.1.1.exe?_ga=2.131207119.1143403214.1618120928-984433702.1617710707",
        "file-type": ".exe",
        "iswitches": [
            "/S"
        ],
        "uswitches": [
            "/S"
        ],
        "clswitch": "/DIR=",
        "dependencies": [],
        "checksum": "ECF0031477F7A011895161E71C1F2343FB6C5CB2D4495E69D4738000475A8522"
    }
}