{
    "display-name": "Samsung Magician",
    "package-name": "samsung-magician",
    "is-portable": true,
    "portable": {    
        "display-name": "Samsung Magician",
        "package-name": "samsung-magician",
        "latest-version": "6.3.0.300",
        "6.3.0.300": {
            "url": "http://ssd.samsungsemi.com/ecomobile/ssd/update1.do?fname=/Samsung_Magician_Installer_Official_6.3.0.300.zip",
            "file-type": ".zip",
            "checksum": "7017D74C5D2502B80D538C7FE5DD37B0D7CC12AD53F2437C633698E2A95C0BE9",
            "bin": [],
            "shortcuts": [],
            "dependencies": []
        }
    }
}