{
    "display-name": "Microsoft Small Basic",
    "package-name": "small-basic",
    "latest-version": "1.2",
    "1.2": {
        "url": "https://download.microsoft.com/download/3/6/8/3684D9A0-C25C-4F50-96E2-2BB1DFA146E7/SmallBasic.msi",
        "file-type": ".msi",
        "iswitches": [
            "/qn",
            "/quiet",
            "/norestart"
        ],
        "uswitches": [
            "/qn",
            "/quiet",
            "/norestart"
        ],
        "clswitch": "INSTALLDIR=",
        "dependencies": [],
        "checksum": "BB4135C1150128C1324AB8DE277278560445E14A00AA1B72CE948696826B8E64"
    }
}