{
    "package-name": "sublime-text-3-portable",
    "display-name": "Sublime Text 3 (Portable)",
    "is-portable": true,
    "portable": {
        "package-name": "sublime-text-3-portable",
        "display-name": "Sublime Text 3 (Portable)",
        "latest-version": "3211",
        "3211": {
            "url": [
            {
                "file-type": ".zip",
                "url": "https://download.sublimetext.com/Sublime%20Text%20Build%203211%20x64.zip"
            },
            {
                "file-type": ".reg",
                "url": "https://raw.githubusercontent.com/electric-package-manager/electric-packages/master/scripts/install-context.reg",
                "file-name": "install-context"
            },
            {
                "file-type": ".reg",
                "url": "https://raw.githubusercontent.com/electric-package-manager/electric-packages/master/scripts/uninstall-context.reg",
                "file-name": "uninstall-context"
            }
            ],
            "bin": ["subl.exe"],
            "pre-install": {
            "type": "powershell",
            "code": [
                "$file = \"<extras>\\install-context.reg\"",
                "if (Test-Path $file) {",
                "    $sublimepath = \"<install-directory>\\sublime_text.exe\".Replace('\\', '\\\\')",
                "    $content = (Get-Content $file).Replace('$sublime', $sublimepath)",
                "    if ($global) { $content = $content.Replace('HKEY_CURRENT_USER', 'HKEY_LOCAL_MACHINE') }",
                "    Set-Content $file $content -Encoding Ascii -Force",
                "}",
                "$file = \"<extras>\\uninstall-context.reg\"",
                "if ((Test-Path $file) -and $global) {",
                "    (Get-Content $file).Replace('HKEY_CURRENT_USER', 'HKEY_LOCAL_MACHINE') | Set-Content -Path $file -Encoding Ascii -Force",
                "}"
            ]
            },
            "install-notes": "Add Sublime Text as a context menu option by running:\n\"reg import '<extras>\\install-context.reg'\"",
            "uninstall-notes": "Remove Sublime Text as a context menu option by running:\n\"reg import '<extras>\\uninstall-context.reg'\"",
            "shortcuts": [
            {
                "shortcut-name": "Sublime Text 3",
                "file-name": "sublime_text.exe"
            }
            ],
            "persist": "Data"
        }
    }
}
