{
    "display-name": "Simplified Wrapper And Interface Generator",
    "package-name": "swig",
    "is-portable": true,
    "portable": {
        "display-name": "Simplified Wrapper And Interface Generator",
        "package-name": "swig",
        "latest-version": "4.0.2.04082020",
        "4.0.2.04082020": {
            "url": "https://cfhcable.dl.sourceforge.net/project/swig/swigwin/swigwin-4.0.2/swigwin-4.0.2.zip",
            "file-type": ".zip",
            "extract-dir": "swig",
            "chdir": "swigwin-4.0.2",
            "bin": [
                "swig.exe"
            ],
            "checksum": "DAADB32F19FE818CB9B0015243233FC81584844C11A48436385E87C050346559"
        }
    }
}