{
    "display-name": "Teamviewer Host",
    "package-name": "teamviewer-host",
    "latest-version": "15.15.5.0",
    "15.15.5.0": {
        "url": "https://download.teamviewer.com/download/version_15x/TeamViewer_Host_Setup.exe",
        "file-type": ".exe",
        "iswitches": [
            "/S"
        ],
        "uswitches": [
            "/S"
        ],
        "clswitch": "/D=",
        "dependencies": [],
        "checksum": "54F86B562C93C1041E0099A247D940B160ED5714D57963F183EDBBA1E866D81F"
    }
}