{
    "display-name": "Teracopy",
    "package-name": "teracopy",
    "latest-version": "3.7.4",
    "3.7.4": {
        "url": "https://www.codesector.com/files/teracopy.exe",
        "file-type": ".exe",
        "iswitches": [
            "/SP-",
            "/VERYSILENT",
            "/SUPPRESSMSGBOXES",
            "/NOCANCEL",
            "/NORESTART",
            "/FORCECLOSEAPPLICATIONS"
        ],
        "uswitches": [
            "/VERYSILENT",
            "/SUPPRESSMSGBOXES",
            "/NORESTART"
        ],
        "clswitch": "/DIR=",
        "dependencies": [],
        "checksum": "FF9B3DA8B24CA260CB4995BDFFDC08F2EE937695C5BF6707773168B8991FFD21"
    }
}