{
    "display-name": "Upx",
    "package-name": "upx",
    "is-portable": true,
    "portable": {
        "display-name": "Upx",
        "package-name": "upx",
        "latest-version": "3.96",
        "3.96": {
            "url": "https://github.com/upx/upx/releases/download/v3.96/upx-3.96-win64.zip",
            "file-type": ".zip",
            "extract-dir": "upx",
            "bin": [
                "upx.exe"
            ],
            "chdir": "upx-<version>-win64",
            "checksum": "A2655C66A547E2274474E54D7A373F1C28E96DED162C51B34651873691022184"
        }
    }
}
