{
    "display-name": "URL Rewrite",
    "package-name": "url-rewrite",
    "latest-version": "2.1.20190828",
    "2.1.20190828": {
        "url": "https://download.microsoft.com/download/1/2/8/128E2E22-C1B9-44A4-BE2A-5859ED1D4592/rewrite_amd64_en-US.msi",
        "file-type": ".msi",
        "iswitches": [
            "/passive",
            "/quiet",
            "/norestart"
        ],
        "uswitches": [
            "/passive",
            "/quiet",
            "/norestart"
        ],
        "clswitch": "INSTALLDIR=",
        "dependencies": [],
        "checksum": "37342FF2F585F263F34F48E9DE59EB1051D61015A8E967DBDE4075716230A32A"
    }
}