{
    "display-name": "Microsoft Visual C++ Compiler Package For Python 2.7",
    "package-name": "vcpython27",
    "latest-version": "9.0.0.30729",
    "9.0.0.30729": {
        "url": "https://download.microsoft.com/download/7/9/6/796EF2E4-801B-4FC4-AB28-B59FBF6D907B/VCForPython27.msi",
        "file-type": ".msi",
        "iswitches": [
            "/qn",
            "/quiet",
            "/norestart"
        ],
        "uswitches": [
            "/qn",
            "/quiet",
            "/norestart"
        ],
        "clswitch": "INSTALLDIR=",
        "dependencies": [
            "vcredist2008",
            "dotnet3.5"
        ],
        "checksum": "070474DB76A2E625513A5835DF4595DF9324D820F9CC97EAB2A596DCBC2F5CBF"
    }
}