{
    "display-name": "Microsoft Visual C++ 2015-2019 Redistributable",
    "package-name": "vcredist2019",
    "latest-version": "latest",
    "latest": {
        "url": "https://aka.ms/vs/16/release/vc_redist.x64.exe",
        "file-type": ".exe",
        "iswitches": [
            "/install",
            "/quiet",
            "/norestart"
        ],
        "uswitches": [],
        "clswitch": "",
        "dependencies": [],
        "checksum": "E3B0C44298FC1C149AFBF4C8996FB92427AE41E4649B934CA495991B7852B855"
    }
}