{
    "display-name": "Microsoft Visual C++ Redistributable for Visual Studio 2015-2019",
    "package-name": "vcredist140",
    "latest-version": "14.28.29914",
    "14.28.29914": {
        "url": "https://download.visualstudio.microsoft.com/download/pr/85d47aa9-69ae-4162-8300-e6b7e4bf3cf3/52B196BBE9016488C735E7B41805B651261FFA5D7AA86EB6A1D0095BE83687B2/VC_redist.x64.exe",
        "file-type": ".exe",
        "iswitches": [
            "/install",
            "/passive",
            "/norestart"
        ],
        "uswitches": [
            "/uninstall",
            "/quiet"
        ],
        "checksum": "52B196BBE9016488C735E7B41805B651261FFA5D7AA86EB6A1D0095BE83687B2",
        "clswitch": "",
        "dependencies": []
    }
}