{
    "display-name": "Microsoft Visual C++ 2008 SP1 Redistributable",
    "package-name": "vcredist2004",
    "latest-version": "9.0.30729.6163",
    "9.0.30729.6163": {
        "url": "https://download.microsoft.com/download/5/D/8/5D8C65CB-C849-4025-8E95-C3966CAFD8AE/vcredist_x64.exe",
        "file-type": ".exe",
        "iswitches": [
            "/Q",
            "/NORESTART"
        ],
        "uswitches": [],
        "clswitch": "",
        "dependencies": [],
        "checksum": "B811F2C047A3E828517C234BD4AA4883E1EC591D88FAD21289AE68A6915A6665"
    }
}