{
    "display-name": "VirtualBox",
    "package-name": "virtualbox",
    "latest-version": "6.1.18",
    "6.1.18": {
        "url": "https://download.virtualbox.org/virtualbox/6.1.18/VirtualBox-6.1.18-142142-Win.exe",
        "file-type": ".exe",
        "iswitches": [
            "--silent",
            "--ignore-reboot"
        ],
        "uswitches": [],
        "clswitch": "--msiparams INSTALLDIR=",
        "dependencies": [],
        "checksum": "C04E452B2F3F79D25D3084EB10C9AA9DD71C2EFB33FAD0282C7E8B206B3324DF"
    }
}