{
    "display-name": "Microsoft Visual Studio Code",
    "package-name": "visual-studio-code-system",
    "latest-version": "1.55.1",
    "1.55.1": {
        "url": "https://az764295.vo.msecnd.net/stable/08a217c4d27a02a5bcde898fd7981bda5b49391b/VSCodeSetup-x64-1.55.1.exe",
        "file-type": ".exe",
        "iswitches": [
            "/SP-",
            "/VERYSILENT",
            "/SUPPRESSMSGBOXES",
            "/NOCANCEL",
            "/NORESTART",
            "/FORCECLOSEAPPLICATIONS",
            "/MERGETASKS=!runcode"
        ],
        "uswitches": [
            "/SP-",
            "/VERYSILENT",
            "/SUPPRESSMSGBOXES",
            "/NOCANCEL",
            "/NORESTART",
            "/FORCECLOSEAPPLICATIONS"
        ],
        "clswitch": "/DIR=",
        "dependencies": [],
        "checksum": "02369BFDFEA9EE251FC8077E4921E96307D2088364AFA7091FBC27B1A1DC65C6"
    }
}