{
    "display-name": "Microsoft Visual Studio Code (User)",
    "package-name": "visual-studio-code",
    "latest-version": "1.55.1",
    "1.55.1": {
        "url": "https://az764295.vo.msecnd.net/stable/08a217c4d27a02a5bcde898fd7981bda5b49391b/VSCodeUserSetup-x64-1.55.1.exe",
        "file-type": ".exe",
        "iswitches": [
            "/SP-",
            "/VERYSILENT",
            "/SUPPRESSMSGBOXES",
            "/NOCANCEL",
            "/NORESTART",
            "/FORCECLOSEAPPLICATIONS",
            "/MERGETASKS=!runcode"
        ],
        "uswitches": [
            "/SP-",
            "/VERYSILENT",
            "/SUPPRESSMSGBOXES",
            "/NOCANCEL",
            "/NORESTART",
            "/FORCECLOSEAPPLICATIONS"
        ],
        "clswitch": "/DIR=",
        "dependencies": [],
        "checksum": "0160333DF93F4DC6BC8B3BBE5D854278BF3E23730782394ACF72BB28F3D5DC21"
    }
}