{
    "display-name": "VNC Viewer",
    "package-name": "vnc-viewer",
    "latest-version": "6.20.529",
    "6.20.529": {
        "url": "https://www.realvnc.com/download/file/viewer.files/VNC-Viewer-6.20.529-Windows-msi.zip",
        "file-type": ".zip",
        "pre-install": [
            {
                "type": "python",
                "admin": false,
                "override": true,
                "code": [
                    "import zipfile",
                    "import os",
                    "with zipfile.ZipFile(r'<installer>', 'r') as zip_ref:",
                    "    zip_ref.extractall(r'<temp>\\electric')",
                    "path = r'<temp>\\electric\\VNC-Viewer-<version>-Windows-msi'",
                    "os.system(f'{path} /silent /accepteula /acceptthirdpartylicenses')",
                    "os.system('electric register <package-name> --version <version>')",
                    "print('Successfully Installed <display-name>')"
                ]
            }
        ],
        "iswitches": [],
        "uswitches": [],
        "run-check": true,
        "clswitch": "",
        "dependencies": []
    }
}