{
    "display-name": "Windows Software Development Kit",
    "package-name": "windows-sdk",
    "latest-version": "10.0.19041.0",
    "10.0.19041.0": {
        "url": "https://download.microsoft.com/download/4/d/2/4d2b7011-606a-467e-99b4-99550bf24ffc/windowssdk/winsdksetup.exe",
        "file-type": ".exe",
        "iswitches": [
            "/quiet",
            "/norestart"
        ],
        "uswitches": [],
        "clswitch": "/installpath=",
        "dependencies": [],
        "checksum": "42D2774274D1135FC598C180C2ACBF2321EB4192F59E511E6AC7772870BF6DE1"
    }
}