{
    "display-name": "WinSCP",
    "package-name": "winscp",
    "latest-version": "5.17.10",
    "5.17.10": {
        "url": "https://liquidtelecom.dl.sourceforge.net/project/winscp/WinSCP/5.17.10/WinSCP-5.17.10-Setup.exe",
        "file-type": ".exe",
        "iswitches": [
            "/SP-",
            "/VERYSILENT",
            "/SUPPRESSMSGBOXES",
            "/NOCANCEL",
            "/NORESTART",
            "/FORCECLOSEAPPLICATIONS"
        ],
        "uswitches": [
            "/VERYSILENT",
            "/SUPPRESSMSGBOXES",
            "/NORESTART"
        ],
        "clswitch": "/DIR=",
        "dependencies": []
    }
}