{
    "display-name": "Yarn",
    "package-name": "yarn",
    "latest-version": "1.22.5",
    "auto-update": {
      "url": "https://yarnpkg.com/downloads/<version>/yarn-<version>.msi",
      "version-check": {
        "webpage": "https://classic.yarnpkg.com/en/docs/install",
        "regex": "Classic Stable \\(([\\d.]+)\\)"
      }
    },
  
    "1.22.5": {
      "url": "https://yarnpkg.com/downloads/1.22.5/yarn-1.22.5.msi",
      "file-type": ".msi",
      "iswitches": ["/qn", "/quiet", "/norestart"],
      "uswitches": ["/qn", "/quiet", "/norestart"],
      "clswitch": "INSTALLDIR=",
      "dependencies": [],
      "checksum": "D7C895BC2A28DF456D561CE78B8F9367B0B6A27FB5344D532868FE6F62245A60"
    }
  }